통계분류,통계분류 - 영문,통계표(신),통계표(구),통계명(구),변경여부,변경유형
1. 통화/금융,1. Monetary Financial Statistics,-,-,-,,
1.1. 통화/유동성,1.1. Monetary and Liquidity Aggregates,-,-,-,,
1.1.1. 본원통화,1.1.1. Monetary Base,-,-,-,,
1.1.1.1. 본원통화 구성내역,1.1.1.1. Components of Monetary Base,-,-,-,,
"1.1.1.1.1. 본원통화 구성내역(평잔, 계절조정계열)","1.1.1.1.1. Components of Monetary Base(Average, SA)",102Y004,054Y408,"1.2.2.1 본원통화 구성내역(평잔, 계절조정계열)",,
"1.1.1.1.2. 본원통화 구성내역(평잔, 원계열)",1.1.1.1.2. Components of Monetary Base(Average),102Y002,054Y008,"1.2.2.2 본원통화 구성내역(평잔,원계열)",,
"1.1.1.1.3. 본원통화 구성내역(말잔, 계절조정계열)","1.1.1.1.3. Components of Monetary Base(End of, SA)",102Y003,054Y407,"1.2.1.1 본원통화 구성내역(말잔, 계절조정계열)",,
"1.1.1.1.4. 본원통화 구성내역(말잔, 원계열)",1.1.1.1.4. Components of Monetary Base(End of),102Y001,054Y007,"1.2.1.2 본원통화 구성내역(말잔,원계열)",,
1.1.2. M1(협의통화),1.1.2. M1(Narrow Money),-,-,-,,
1.1.2.1. M1(협의통화) 상품별 구성내역,1.1.2.1. M1 By Type,-,-,-,,
"1.1.2.1.1. M1 상품별 구성내역(평잔, 계절조정계열)","1.1.2.1.1. M1 By Type (Average, SA)",101Y018,신규,-,Y,통계표신규
"1.1.2.1.2. M1 상품별 구성내역(평잔, 원계열)",1.1.2.1.2. M1 By Type (Average),101Y019,신규,-,Y,통계표신규
"1.1.2.1.3. M1 상품별 구성내역(말잔, 계절조정계열)","1.1.2.1.3. M1 By Type (End of, SA)",101Y016,신규,-,Y,통계표신규
"1.1.2.1.4. M1 상품별 구성내역(말잔, 원계열)",1.1.2.1.4. M1 By Type (End of),101Y017,신규,-,Y,통계표신규
1.1.3. M2(광의통화),1.1.3. M2(Broad Money),-,-,-,,
1.1.3.1. M2(광의통화) 상품별 구성내역,1.1.3.1. M2 By Type,-,-,-,,
"1.1.3.1.1. M2 상품별 구성내역(평잔, 계절조정계열)","1.1.3.1.1. M2 By Type (Average, SA)",101Y003,001Y407,"1.3.2.1 M2 상품별구성내역(평잔, 계절조정계열)",,
"1.1.3.1.2. M2 상품별 구성내역(평잔, 원계열)",1.1.3.1.2. M2 By Type (Average),101Y004,001Y007,"1.3.2.2 M2 상품별구성내역(평잔,원계열)",,
"1.1.3.1.3. M2 상품별 구성내역(말잔, 계절조정계열)","1.1.3.1.3. M2 By Type (End of, SA)",101Y001,001Y406,"1.3.1.1 M2 상품별구성내역(말잔, 계절조정계열)",,
"1.1.3.1.4. M2 상품별 구성내역(말잔, 원계열)",1.1.3.1.4. M2 By Type (End of),101Y002,001Y006,"1.3.1.2 M2 상품별구성내역(말잔,원계열)",,
1.1.3.2. M2(광의통화) 경제주체별 보유현황,1.1.3.2. M2 Sectoral Money Holdings,-,-,-,,
"1.1.3.2.1. M2 경제주체별 보유현황(평잔, 계절조정계열)","1.1.3.2.1. Sectoral Money Holdings(Average, S.A.)",101Y006,001Y451,"1.3.4.1 M2 경제주체별 보유현황(평잔, 계절조정계열)",,
"1.1.3.2.2. M2 경제주체별 보유현황(평잔, 원계열)",1.1.3.2.2. Sectoral Money Holdings(Average),101Y015,001Y453,"1.3.4.2 M2 경제주체별 보유현황(평잔, 원계열)",,
"1.1.3.2.3. M2 경제주체별 보유현황(말잔, 계절조정계열)","1.1.3.2.3. Sectoral Money Holdings(End of, S.A.)",101Y005,001Y450,"1.3.3.1 M2 경제주체별 보유현황(말잔, 계절조정계열)",,
"1.1.3.2.4. M2 경제주체별 보유현황(말잔, 원계열)",1.1.3.2.4. Sectoral Money Holdings(End of),101Y014,001Y452,"1.3.3.2 M2 경제주체별 보유현황(말잔, 원계열)",,
1.1.3.3. M2 기관별 구성내역,1.1.3.3. M2 By Money Issuers,-,-,-,,
1.1.3.3.1. M2 기관별구성내역(평잔),1.1.3.3.1. M2 By Money Issuers (Average),101Y008,001Y009,1.3.6 M2 기관별구성내역(평잔),,
1.1.3.3.2. M2 기관별구성내역(말잔),1.1.3.3.1. M2 By Money Issuers (End of),101Y007,001Y008,1.3.5 M2 기관별구성내역(말잔),,
1.1.4. Lf(금융기관 유동성) 관련통계,1.1.4.1. Lf(Liquidity Aggregates of Financial Institutions),-,-,-,,
1.1.4.1. Lf(금융기관 유동성) 상품별 구성내역,1.1.4.1. Lf By Type,-,-,-,,
"1.1.4.1.1. Lf 상품별 구성내역(평잔, 계절조정계열)","1.1.4.1.1. Lf By Type(Average, SA)",111Y003,075Y402,"1.5.2.1 Lf 상품별구성내역(평잔, 계절조정계열)",,
"1.1.4.1.2. Lf 상품별 구성내역(평잔, 원계열)",1.1.4.1.2. Lf By Type(Average),111Y004,075Y002,"1.5.2.2 Lf 상품별 구성내역(평잔,원계열)",,
"1.1.4.1.3. Lf 상품별 구성내역(말잔, 계절조정계열)","1.1.4.1.3. Lf By Type(End of, SA)",111Y001,075Y401,"1.5.1.1 Lf 상품별구성내역(말잔, 계절조정계열)",,
"1.1.4.1.4. Lf 상품별 구성내역(말잔, 원계열)",1.1.4.1.4. Lf By Type(End of),111Y002,075Y001,"1.5.1.2 Lf 상품별 구성내역(말잔,원계열)",,
1.1.4.2. Lf 기관별 구성내역,1.1.4.2. Lf by Liquidity Issuers,-,-,-,,
1.1.4.2.1. Lf 기관별 구성내역(평잔),1.1.4.2.1. Lf by Liquidity Issuers(Average),111Y006,075Y004,1.5.4 Lf 기관별 구성내역(평잔),,
1.1.4.2.2. Lf 기관별 구성내역(말잔),1.1.4.2.2. Lf by Liquidity Issuers(End of),111Y005,075Y003,1.5.3 Lf 기관별 구성내역(말잔),,
1.1.5. L(광의유동성) 구성내역,1.1.5. L(Liquidity Aggregates),-,-,-,,
"1.1.5.1. L(광의유동성) 구성내역(말잔, 계절조정계열)","1.1.5.1. L(Liquidity Aggregates)(End of, SA)",112Y001,076Y401,"1.6.1 L(광의유동성) 구성내역(말잔, 계절조정계열)",,
"1.1.5.2. L(광의유동성) 구성내역(말잔, 원계열)","1.1.5.2. L(Liquidity Aggregates)(End of,",112Y002,076Y001,"1.6.2 L(광의유동성) 구성내역(말잔,원계열)",,
1.1.6. 예금취급기관 개관표,1.1.6. Depository Corporations Survey,-,-,-,,
1.1.6.1. 예금취급기관 개관표(말잔),1.1.6.1. Depository Corporations Survey(End of),101Y009,001Y003,"1.4.예금취급기관 개관표(종합표,말잔)",,
1.1.6.2. 중앙은행 개관표(말잔),1.1.6.2. Central Bank Survey (End of),101Y010,001Y004,1.4.1 중앙은행 개관표(말잔),,
1.1.6.3. 기타예금취급기관 개관표(말잔),1.1.6.3. Other Depository Corporations Survey (End of),101Y011,001Y005,1.4.2 기타예금취급기관 개관표(말잔),,
1.2. 금융기관 여수신,"1.2. Deposits, Loans & Discounts",-,-,-,,
1.2.1. 수신,1.2.1. Deposits,-,-,-,,
1.2.1.1. 예금은행 수신,1.2.1.1. Deposits at CBs and SBs,-,-,-,,
1.2.1.1.1. 예금은행 총수신(평잔),1.2.1.1.1. Total Deposits(Average),104Y014,004Y014,3.1.6 예금은행 총수신(평잔),,
1.2.1.1.2. 예금은행 총수신(말잔),1.2.1.1.2. Total Deposits(End of),104Y013,004Y013,3.1.5 예금은행 총수신(말잔),,
"1.2.1.1.3. 예금은행 원화예금(종별, 평잔)",1.2.1.1.3. Deposits in Domestic Currency at CBs and SBs By Type (Average),104Y008,001Y048,3.1.2 예금은행 종별예금(평잔),,
"1.2.1.1.4. 예금은행 원화예금(종별, 말잔)",1.2.1.1.4. Deposits in Domestic Currency at CBs and SBs By Type (End of),104Y015,001Y011,3.1.1 예금은행 종별예금(말잔),,
"1.2.1.1.5. 예금은행 원화예금(예금주별,말잔)",1.2.1.1.5. Deposits in Domestic Currency at CBs and SBs By Depositors (End Of),104Y009,001Y051,3.1.3 예금은행 예금주별예금(말잔),,
"1.2.1.1.6. 예금은행 정기예금(기간별, 말잔)",1.2.1.1.6. Time Deposits in Domestic Currency at CBs and SBs By Term (End Of),104Y010,001Y052,3.1.4 예금은행 기간별 정기예금(말잔),,
1.2.1.2. 비은행예금기관 수신,1.2.1.2. Deposits at Non-Bank Financial Corporations,-,-,-,,
1.2.1.2.1. 비은행기관 수신(평잔),1.2.1.2.1. Deposits at Non-Bank Financial Corporations (Average),111Y008,075Y006,3.4.2 비은행기관 수신(평잔),,
1.2.1.2.2. 비은행기관 수신(말잔),1.2.1.2.2. Deposits at Non-Bank Financial Corporations (End of),111Y007,075Y005,3.4.1 비은행기관 수신(말잔),,
1.2.2. 여신,1.2.2. Loans & Discounts,-,-,-,,
1.2.2.1. 예금은행 대출금(말잔),1.2.2.1. Loans & Discounts of CBs and SBs (End of),104Y016,001Y012,3.2.예금은행 자금별대출금(말잔),,
1.2.2.2. 비은행금융기관 여신(말잔),1.2.2.2. Loans & Discounts of Non-Bank Financial Corporations (End of),111Y009,075Y008,3.4.3 비은행기관 여신(말잔),,
1.2.3. 지역별 여수신,1.2.3. Total Deposits & Loians and Discounts by Region,-,-,-,,
1.2.3.1. 예금은행 지역별 수신(말잔),1.2.3.1. Total Deposits at CBs and SBs (End of),141Y002,088Y002,3.5.1.1 예금은행 지역별예금(말잔),,
1.2.3.2. 비은행예금취급기관 지역별 수신(말잔),1.2.3.2. Total Deposits at Non-Bank Depository Corporations (End of),141Y006,088Y011,3.5.2.1 비은행예금취급기관 수신(말잔),,
1.2.3.3. 생명보험회사 지역별 수신(말잔),1.2.3.3. Total Deposits of Life Insurance Companies (End of),141Y008,088Y013,3.5.3.1 생명보험회사 수신(말잔),,
1.2.3.4. 예금은행 지역별 대출금(말잔),"1.2.2.4. Loans & Discounts By Region (CBs & SBs, End of)",-,-,-,,
1.2.3.4.1. 예금은행 지역별 대출금(말잔),1.2.3.4.1. Loans & Discounts by Region (End of),141Y003,088Y003,3.5.1.2 예금은행 지역별대출금(말잔),,
1.2.3.4.2. 예금은행 지역별 가계대출(말잔),1.2.3.4.2. Loans to Households by Region (End of),151Y003,008Y003,3.6.3 예금취급기관의 가계대출 지역별(월별),Y,통계표분할
1.2.3.4.3. 예금은행 지역별 기업대출(말잔),1.2.3.4.3. Loans to Enterprise by Region (End of),141Y004,088Y004,3.5.1.3 예금은행 기업대출금(말잔),,
1.2.3.5. 비은행예금취급기관 지역별 여신(말잔),1.2.3.5. Loans & Discounts of Non-Bank Depository Corporations (End of),-,-,-,,
1.2.3.5.1. 비은행예금취급기관 지역별 여신(말잔),1.2.3.5.1. Loans & Discounts by Region (End of),141Y007,088Y012,3.5.2.2 비은행예금취급기관 여신(말잔),,
1.2.3.5.2. 비은행예금취급기관 지역별 가계대출(말잔),1.2.3.5.2. Loans to Households by Region (End of),151Y006,008Y003,3.6.3 예금취급기관의 가계대출 지역별(월별),Y,통계표분할
1.2.3.5.3. 비은행예금취급기관 지역별 기업대출(말잔),1.2.3.5.3. Loans to Enterprise by Region (End of),141Y010,088Y015,3.5.2.3 비은행예금취급기관 기업대출금,,
1.2.3.6. 생명보험회사 지역별 여신(말잔),1.2.3.6. Loans & Discounts of Life Insurance Companies (End of),141Y009,088Y014,3.5.3.2 생명보험회사 여신(말잔),,
1.2.3.7. 예금은행 지역별 연체율,"1.2.3.7. Delingquency Rate by Region (CBs & SBs, End of)",141Y005,신규,-,,통계표신규
1.2.4. 가계신용,1.2.4. Credit to Households,-,-,-,,
1.2.4.1. 가계신용(분기),1.2.4.1. Credit to Households(Quarterly),-,-,-,,
"1.2.4.1.1. 가계신용(업권별, 분기)",1.2.4.1.1. By Section,151Y001,008Y001,3.6.1 가계신용(분기별),Y,통계표분할
"1.2.4.1.2. 가계신용(용도별, 분기)",1.2.4.1.2. By Purpose,151Y004,008Y001,3.6.1 가계신용(분기별),Y,통계표분할
1.2.4.2. 예금취급기관 가계대출(월),1.2.4.2. Loans to Households of Depository Corporations(Monthly),-,-,-,,
"1.2.4.2.1. 예금취급기관 가계대출(업권별, 월)",1.2.4.2.1. By Section,151Y002,008Y002,3.6.2 예금취급기관의 가계대출(월별),Y,통계표분할
"1.2.4.2.2. 예금취급기관 가계대출(용도별, 월)",1.2.4.2.2. By Purpose,151Y005,008Y002,3.6.2 예금취급기관의 가계대출(월별),Y,통계표분할
1.2.5. 산업별대출금,1.2.5. Loans & Discounts by Industry,-,-,-,,
1.2.5.1. 예금취급기관 산업별대출금,1.2.5.1. Depository corporations,-,-,-,,
"1.2.5.1.1. 산업별대출금(예금취급기관, 전산업)",1.2.5.1.1. All Industries,131Y016,007Y020,3.3.1.1 산업별대출금(예금취급기관),Y,통계항목분할
"1.2.5.1.2. 산업별대출금(예금취급기관, 용도별)","1.2.5.1.2. By Purpose (Working Capital, Facilities Investment)",131Y017,007Y021,3.3.1.2 시설자금(예금취급기관),Y,통계항목분할/항목그룹신규
1.2.5.2. 예금은행 산업별대출금,1.2.5.2. Commercial & Specialized Banks,-,-,-,,
"1.2.5.2.1. 산업별대출금(예금은행, 전산업)",1.2.5.2.1. All Industries,131Y013,007Y014,3.3.2.1 산업별대출금(예금은행),Y,통계항목분할
"1.2.5.2.2. 산업별대출금(예금은행, 용도별)","1.2.5.2.2. By Purpose (Working Capital, Facilities Investment)",131Y011,007Y015,3.3.2.2 시설자금(예금은행) ,Y,통계항목분할/항목그룹신규
"1.2.5.2.3. 산업별대출금(예금은행, 기업형태별)","1.2.5.2.3. By Type (Incorporation, Unincorporation)",131Y010,007Y114,3.3.2.3 기업형태별(예금은행),Y,통계항목분할
"1.2.5.2.4. 산업별대출금(예금은행, 지역별, 전산업)",1.2.5.2.4. By Region,132Y001,087Y001,3.3.3.1 총대출금(지역별),Y,통계항목분할
"1.2.5.2.5. 산업별대출금(예금은행, 지역별, 용도별)",1.2.5.2.5. By Region & Purpose,132Y003,087Y003,3.3.3.2 시설자금(지역별),Y,통계항목분할/항목그룹신규
1.2.5.3. 비은행예금취급기관 산업별대출금,1.2.5.3. Non-Bank Fainancial Corporations,-,-,-,,
"1.2.5.3.1. 산업별대출금(비은행예금취급기관, 전산업)",1.2.5.3.1. All Industries,131Y014,007Y016,3.3.4.1 산업별대출금(비은행예금취급기관),Y,통계항목분할
"1.2.5.3.2. 산업별대출금(비은행예금취급기관, 용도별)","1.2.5.3.2. By Purpose (Working Capital, Facilities Investment)",131Y015,007Y018,3.3.4.2 시설자금(비은행예금취급기관),Y,통계항목분할/항목그룹신규
1.2.6. 기타 여수신 관련 통계,1.2.6. Others Financial Statistics,-,-,-,,
1.2.6.1. 예금은행 예금회전율,1.2.6.1. Turnover Ratios of Deposits of CBs & SBs,104Y017,011Y001,3.7.1 예금은행 예금회전율,,
1.2.6.2. 금융기관 점포/인원 현황,1.2.6.2. Number of Branches and Employment by Financial Institution,901Y053,085Y001,3.7.2 금융기관 점포 및 인원현황,,
1.2.6.3. 은행대출금 연체율,1.2.6.3. Delinquency Ratio for Bank Loans,901Y054,085Y002,3.7.3 은행대출금 연체율,,
1.2.6.4. 보험계약실적,1.2.6.4. Business Results of Insurance Companies,901Y059,085Y010,3.7.4 보험계약실적,,
1.2.6.5. 예금규모별 계좌수 및 금액,1.2.6.5. The number of accounts and Outstanding amount by Size,105Y001,009Y014,3.7.5 예금규모별 계좌 및 금액,,
1.3. 금리,1.3. Interest Rates,-,-,-,,
1.3.1. 한국은행 기준금리 및 여수신금리,1.3.1. Bank of Korea Base Rate & Interest Rates on Loans and Discounts of the Bank of Korea,722Y001,098Y001,2.6.한국은행 기준금리 및 여수신금리,,
1.3.2. 시장금리,1.3.2. Market Interest Rates,-,-,-,,
1.3.2.1. 시장금리(일별),1.3.2.1. Market Interest Rates(Daily),817Y002,060Y001,4.1.1 시장금리(일별),Y,통계항목변경
"1.3.2.2. 시장금리(월,분기,년)","1.3.2.2. Market Interest Rates(Monthly, Quarterly, Annually)",721Y001,028Y001,"4.1.2 시장금리(월,분기,년)",Y,통계항목변경
1.3.3. 예금은행 가중평균금리,1.3.3. CBs and SBs Weighted Averages of Interest Rates,-,-,-,,
1.3.3.1. 수신금리,1.3.3.1. Interest Rates on Deposits,-,-,-,,
1.3.3.1.1. 예금은행 수신금리(신규취급액 기준),1.3.3.1.1. Based on Newly Extended,121Y002,005Y001,4.2.1.1 신규취급액 기준,,
1.3.3.1.2. 예금은행 수신금리(잔액 기준),1.3.3.1.2. Based on Outstanding,121Y013,005Y005,4.2.1.2 잔액 기준,,
1.3.3.2. 대출금리,1.3.3.2. Interest Rates on Loans and Discounts,-,-,-,,
1.3.3.2.1. 예금은행 대출금리(신규취급액 기준),1.3.3.2.1. Based on Newly Extended,121Y006,005Y003,4.2.2.1 신규취급액 기준,,
1.3.3.2.2. 예금은행 대출금리(잔액 기준),1.3.3.2.2. Based on Outstanding,121Y015,005Y006,4.2.2.2 잔액 기준,,
1.3.3.3. 예금은행 금리수준별 여수신 비중(신규취급액 기준),1.3.3.3. Shares of Deposits and Loans By Interest Rates Level (Newly Extended),121Y008,005Y010,4.3.예금은행 금리수준별 여수신 비중,,
1.3.3.4. 예금은행 고정 및 특정금리연동 대출 비중,1.3.3.4. Shares of Loans at Fixed and Floating Interes Rates,-,-,-,,
1.3.3.4.1. 예금은행 고정 및 특정금리연동 대출 비중(신규취급액 기준),1.3.3.4.1. Based on Newly Extended,121Y010,005Y011,4.4.1 신규취급액 기준,,
1.3.3.4.2. 예금은행 고정 및 특정금리연동 대출 비중(잔액 기준),1.3.3.4.2. Based on Outstanding,121Y011,005Y012,4.4.2 잔액 기준,,
1.3.4. 비은행금융기관 가중평균금리,1.3.4. NBFCs Weighted Averages of Interest Rates,-,-,-,,
1.3.4.1. 비은행금융기관 수신금리(신규취급액 기준),1.3.4.1. Interest Rates on Deposits,121Y004,005Y002,4.5.1 수신금리(신규취급액기준),,
1.3.4.2. 비은행금융기관 대출금리(신규취급액 기준),1.3.4.2. Interest Rates on Loans and Discounts,121Y007,005Y004,4.5.2 대출금리(신규취급액기준),,
1.4. 한국은행 주요계정,1.4. Main Accounts of the Bank of Korea,-,-,-,,
1.4.1. 한국은행 주요계정(말잔),1.4.1. Main Accounts of the Bank of Korea(End of),103Y002,054Y001,2.1.한국은행 주요계정(말잔),,
1.4.2. 화폐발행잔액,1.4.2. Bank Notes and Coins Issued,871Y001,054Y002,2.2.화폐발행잔액,Y,통계항목변경
1.4.3. 예금은행 지급준비액,1.4.3. Reserves of Commercial and Specialized Banks,-,-,-,,
"1.4.3.1. 예금은행 지급준비액(신기준, 평잔) ","1.4.3.1.1. Reserves of Commercial and Specialized Banks(New version, average of)",814Y001,050Y001,2.3.예금은행 지급준비액(평잔),,
"1.4.3.2. 예금은행 지급준비액(구기준, 평잔)","1.4.3.1.2. Reserves of Commercial and Specialized Banks(Old version, average of)",814Y002,050Y001,2.3.예금은행 지급준비액(평잔),,
1.4.4. 한국은행 원화대출금,1.4.4. Loans and Discounts in Won of the BOK(End of),641Y001,054Y005,2.5.한국은행 원화대출금(말잔),,
1.5. 주식/채권/재정,"1.5. Securities, Bonds and Government Finance",-,-,-,,
1.5.1. 주식거래/주가지수,1.5.1. Transactions in Securiries and Stock Price index,-,-,-,,
1.5.1.1. 주식시장(일),1.5.1.1. Stock Market(daily),802Y001,064Y001,6.1.1 주식시장(일별),,
"1.5.1.2. 주식시장(월,년)",1.5.1.2. Transactions in Securities and Stock Price Index,901Y014,028Y015,6.1.2 주식거래 및 주가지수,,
1.5.1.3. 투자자별 주식거래,1.5.1.3. Stock Trading by Investor Group,901Y055,085Y004,6.1.3 투자자별 주식거래,,
1.5.1.4. 증시주변자금동향,1.5.1.4. Trends of Money in Securities Market,901Y056,085Y005,6.1.4 증시주변자금동향,,
1.5.1.5. 주가지수선물거래,1.5.1.5. Transactions for Stock Price Index Futures,901Y057,085Y007,6.1.5 주가지수선물거래,,
1.5.1.6. 주가지수옵션거래,1.5.1.6. Transactions for Stock Price Index,901Y058,085Y008,6.1.6 주가지수옵션거래,,
1.5.2. 채권거래,1.5.2. Trade of Bonds,901Y015,028Y022,6.2.채권거래,,
1.5.3. 주요 국공채 발행액/잔액,"1.5.3. Issues and Outstanding Amounts of Principal Government, Public and Corporate Bonds",191Y001,028Y007,6.3.주요 국공채 발행 및 잔액,,
1.5.4. 재정,1.5.4.1. Government Finance Statistics,-,-,-,,
1.5.4.1. 통합재정수지,1.5.4.1. Central Governmnet Fiscal Balance,901Y013,028Y009,6.4.1 통합재정수지,,
1.5.4.2. 조세징수액,1.5.4.2. Amount of Tax Collection,901Y081,085Y050,6.4.2 조세징수액,,
2. 국민계정,2. National Accounts,-,-,-,,
2.1. 국민소득통계(2015년 기준년),2.1. National Income and Product (reference year 2015),-,-,-,,
2.1.1. 주요지표,2.1.1. Main Indicators of National Accounts,-,-,-,,
2.1.1.1. 주요지표(연간지표),2.1.1.1. Main Annual Indicators (reference year 2015),200Y001,111Y002,10.1.1. 연간지표,,
2.1.1.2. 주요지표(분기지표),2.1.1.2. Main Quarterly Indicators (reference year 2015),200Y002,111Y055,10.1.2. 분기지표,,
"2.1.2. 생산 및 지출 GDP, GDP 디플레이터",2.1.2. GDP and GDP Deflator by Economic Activities and Expenditures,-,-,-,,
2.1.2.1. 경제활동별 GDP 및 GNI,2.1.2.1. GDP and GNI by Economic Activities,-,-,-,,
"2.1.2.1.1. 경제활동별 GDP 및 GNI(계절조정, 명목, 분기)","2.1.2.1.1. GDP and GNI by Economic Activities (seasonally adjusted, current prices, quarterly)",200Y003,111Y012,"10.2.1.1. 경제활동별 GDP 및 GNI(계절조정, 명목, 분기)",,
"2.1.2.1.2. 경제활동별 GDP 및 GNI(계절조정, 실질, 분기)","2.1.2.1.2. GDP and GNI by Economic Activities (seasonally adjusted, chained 2015 year prices, quarterly)",200Y004,111Y013,"10.2.1.2. 경제활동별 GDP 및 GNI(계절조정, 실질, 분기)",,
"2.1.2.1.3. 경제활동별 GDP 및 GNI(원계열, 명목, 분기 및 연간)","2.1.2.1.3. GDP and GNI by Economic Activities (not seasonally adjusted, current prices, quarterly & annual)",200Y005,111Y010,"10.2.1.3. 경제활동별 GDP 및 GNI(원계열, 명목, 분기 및 연간)",,
"2.1.2.1.4. 경제활동별 GDP 및 GNI(원계열, 실질, 분기 및 연간)","2.1.2.1.4. GDP and GNI by Economic Activities (not seasonally adjusted, chained 2015 year prices, quarterly & annual)",200Y006,111Y011,"10.2.1.4. 경제활동별 GDP 및 GNI(원계열, 실질, 분기 및 연간)",,
2.1.2.2. 국내총생산에 대한 지출,2.1.2.2. Expenditures on Gross Domestic Product,-,-,-,,
"2.1.2.2.1. 국내총생산에 대한 지출(계절조정, 명목, 분기)","2.1.2.2.1. Expenditures on GDP (seasonally adjusted, current prices, quarterly)",200Y007,111Y016,"10.2.2.1. 국내총생산에 대한 지출(계절조정, 명목, 분기)",,
"2.1.2.2.2. 국내총생산에 대한 지출(계절조정, 실질, 분기)","2.1.2.2.2. Expenditures on GDP (seasonally adjusted, chained 2015 year prices, quarterly)",200Y008,111Y017,"10.2.2.2. 국내총생산에 대한 지출(계절조정, 실질, 분기)",,
"2.1.2.2.3. 국내총생산에 대한 지출(원계열, 명목, 분기 및 연간)","2.1.2.2.3. Expenditures on GDP (not seasonally adjusted, current prices, quarterly & annual)",200Y009,111Y014,"10.2.2.3. 국내총생산에 대한 지출(원계열, 명목, 분기 및 연간)",,
"2.1.2.2.4. 국내총생산에 대한 지출(원계열, 실질, 분기 및 연간)","2.1.2.2.4. Expenditures on GDP (not seasonally adjusted, chained 2015 year prices, quarterly & annual)",200Y010,111Y015,"10.2.2.4. 국내총생산에 대한 지출(원계열, 실질, 분기 및 연간)",,
2.1.2.3. GDP 디플레이터,2.1.2.3. GDP Deflator,-,-,-,,
2.1.2.3.1. 경제활동별 국내총생산 디플레이터(분기 및 연간),"2.1.2.3.1. GDP Deflator by Economic Activities (not seasonally adjusted, quarterly & annual)",200Y011,111Y046,10.2.3.1. 경제활동별 국내총생산 디플레이터(분기 및 연간),,
2.1.2.3.2. 국내총생산에 대한 지출 디플레이터(분기 및 연간),"2.1.2.3.2. GDP Deflator by Expenditure for GDP (not seasonally adjusted, quarterly & annual)",200Y012,111Y047,10.2.3.2. 국내총생산에 대한 지출 디플레이터(분기 및 연간),,
2.1.3. 종합계정,2.1.3. Consolidated Accounts for the Nation,-,-,-,,
2.1.3.1. 국내총생산과 지출,2.1.3.1. Gross Domestic Product and Expenditure,-,-,-,,
"2.1.3.1.1. 국내총생산과 지출(명목, 연간)","2.1.3.1.1. Gross Domestic Product and Expenditure (current prices, annual)",200Y013,111Y003,"10.3.1.1. 국내총생산과 지출(명목, 연간)",,
"2.1.3.1.2. 경제활동별 국내총부가가치와 요소소득(명목, 연간)","2.1.3.1.2. Gross Value Added and Factor Income by Economic Activities (current prices, annual)",200Y014,111Y063,"10.3.1.2. 경제활동별 국내총부가가치와 요소소득(명목, 연간)",,
2.1.3.2. 국민처분가능소득과 처분,2.1.3.2. National Disposable Income and Its Appropriation,-,-,-,,
"2.1.3.2.1. 국민처분가능소득과 처분(명목, 연간)","2.1.3.2.1. National Disposable Income and Its Appropriation (current prices, annual)",200Y015,111Y004,"10.3.2.1. 국민처분가능소득과 처분(명목, 연간)",,
"2.1.3.2.2. 국민소득과 부문별 국민처분가능소득(명목, 연간)","2.1.3.2.2. National Income and National Disposable Income (current prices, annual)",200Y016,111Y019,"10.3.2.2. 국민소득과 부문별 국민처분가능소득(명목, 연간)",,
2.1.3.3. 자본거래,2.1.3.3. Capital Transactions,-,-,-,,
"2.1.3.3.1. 자본거래(명목, 연간)","2.1.3.3.1. Capital Transactions (current prices, annual)",200Y017,111Y005,"10.3.3.1. 자본거래(명목, 연간)",,
2.1.3.4. 국외거래,2.1.3.4. External Transactions,-,-,-,,
"2.1.3.4.1. 경상거래(명목, 연간)","2.1.3.4.1. Current Transactions (current prices, annual)",200Y018,111Y034,"10.3.4.1. 경상거래(명목, 연간)",,
"2.1.3.4.2. 자본거래(명목, 연간)","2.1.3.4.2. Capital transactions (current prices, annual)",200Y019,111Y036,"10.3.4.2. 자본거래(명목, 연간)",,
2.1.4. 제도부문별 계정,"2.1.4. Production, Income and Capital Accounts by Institutional Sectors",-,-,-,,
"2.1.4.1. 제도부문별 생산계정(명목, 연간)","2.1.4.1. Production Accounts by Institutional Sectors (current prices, annual)",200Y020,111Y060,"10.4.1. 제도부문별 생산계정(명목, 연간)",,
"2.1.4.2. 제도부문별 소득계정(명목, 연간)","2.1.4.2. Income Accounts by Institutional Sectors (current prices, annual)",200Y021,111Y061,"10.4.2. 제도부문별 소득계정(명목, 연간)",,
"2.1.4.3. 제도부문별 자본계정(명목, 연간)","2.1.4.3. Capital Accounts by Institutional Sectors (current prices, annual)",200Y022,111Y062,"10.4.3. 제도부문별 자본계정(명목, 연간)",,
2.1.5. GDP에 대한 성장기여도,2.1.5. Contributions to Real GDP Growth,-,-,-,,
"2.1.5.1. 경제활동별 성장기여도(계절조정, 실질, 분기)","2.1.5.1. Contributions to Real GDP Growth by Economic Activities (seasonally adjusted, quarterly)",200Y023,111Y071,"10.5.1. 경제활동별 성장기여도(계절조정, 실질, 분기)",,
"2.1.5.2. 경제활동별 성장기여도(원계열, 실질, 분기 및 연간)","2.1.5.2. Contributions to Real GDP growth by Economic Activities (not seasonally adjusted, quarterly & annual)",200Y024,111Y072,"10.5.2. 경제활동별 성장기여도(원계열, 실질, 분기 및 연간)",,
"2.1.5.3. 지출항목별 성장기여도(계절조정, 실질, 분기)","2.1.5.3. Contributions to Real GDP Growth by Expenditures (seasonally adjusted, quarterly)",200Y025,111Y073,"10.5.3. 지출항목별 성장기여도(계절조정, 실질, 분기)",,
"2.1.5.4. 지출항목별 성장기여도(원계열, 실질, 분기 및 연간)","2.1.5.4. Contributions to Real GDP Growth by Expenditures (not seasonally adjusted, quarterly &, annual)",200Y026,111Y074,"10.5.4. 지출항목별 성장기여도(원계열, 실질, 분기 및 연간)",,
2.1.6. 총자본형성,2.1.6. Gross Capital Formation,-,-,-,,
2.1.6.1. 자본재형태별 총자본형성,2.1.6.1. Gross Capital Formation by Type of Capital Goods,-,-,-,,
"2.1.6.1.1. 자본재형태별 총자본형성(계절조정, 명목, 분기)","2.1.6.1.1. Gross Capital Formation by Type of Capital Goods (seasonally adjusted, current prices, quarterly)",200Y027,111Y022,"10.6.1.1. 자본재형태별 총자본형성(계절조정, 명목, 분기)",,
"2.1.6.1.2. 자본재형태별 총자본형성(계절조정, 실질, 분기)","2.1.6.1.2. Gross Capital Formation by Type of Capital Goods (seasonally adjusted, chained 2015 year prices, quarterly)",200Y028,111Y023,"10.6.1.2. 자본재형태별 총자본형성(계절조정, 실질, 분기)",,
"2.1.6.1.3. 자본재형태별 총자본형성(원계열, 명목, 분기 및 연간)","2.1.6.1.3. Gross Capital Formation by Type of Capital Goods (not seasonally adjusted, current prices, quarterly & annual)",200Y029,111Y020,"10.6.1.3. 자본재형태별 총자본형성(원계열, 명목, 분기 및 연간)",,
"2.1.6.1.4. 자본재형태별 총자본형성(원계열, 실질, 분기 및 연간)","2.1.6.1.4. Gross Capital Formation by Type of Capital Goods (not seasonally adjusted, chained 2015 year prices, quarterly & annual)",200Y030,111Y021,"10.6.1.4. 자본재형태별 총자본형성(원계열, 실질, 분기 및 연간)",,
2.1.6.2. 주체별 총자본형성,2.1.6.2. Gross Capital Formation by Sectors,-,-,-,,
"2.1.6.2.1. 주체별 총자본형성(원계열, 명목, 분기 및 연간)","2.1.6.2.1. Gross Capital Formation by Sectors (not seasonally adjusted, current prices, quarterly and annual)",200Y031,111Y056,"10.6.2.1. 주체별 총자본형성(원계열, 명목, 분기 및 연간)",,
"2.1.6.2.2. 주체별 총자본형성(원계열, 실질, 분기 및 연간)","2.1.6.2.2. Gross Capital Formation by Sectors (not seasonally adjusted, chained 2015 year prices, quarterly and annual)",200Y032,111Y057,"10.6.2.2. 주체별 총자본형성(원계열, 실질, 분기 및 연간)",,
"2.1.6.2.3. 주체별 총고정자본형성(계절조정, 명목, 분기)","2.1.6.2.3. Gross Fixed Capital Formation by Sectors (seasonally adjusted, current prices, quarterly)",200Y033,111Y080,"10.6.2.3. 주체별 총고정자본형성(계절조정, 명목, 분기)",,
"2.1.6.2.4. 주체별 총고정자본형성(계절조정, 실질, 분기)","2.1.6.2.4. Gross Fixed Capital Formation by Sectors (seasonally adjusted, chained 2015 year prices, quarterly)",200Y034,111Y081,"10.6.2.4. 주체별 총고정자본형성(계절조정, 실질, 분기)",,
2.1.6.3. 경제활동별 총고정자본형성,2.1.6.3. Gross Fixed Capital Formation by Economic Activities,-,-,-,,
"2.1.6.3.1. 경제활동별 총고정자본형성(명목, 연간)","2.1.6.3.1. Gross Fixed Capital Formation by Economic Activities(current prices, annual)",200Y035,111Y038,"10.6.3.1 경제활동별 총고정자본형성(명목, 연간)",,
"2.1.6.3.2. 경제활동별 총고정자본형성(실질, 연간)","2.1.6.3.2. Gross Fixed Capital Formation by Economic Activities(chained 2015 year prices ¹), annual)",200Y036,111Y039,"10.6.3.2 경제활동별 총고정자본형성(실질, 연간)",,
"2.1.6.3.3. 경제활동별 자본재형태별 총고정자본형성(명목, 연간)","2.1.6.3.3. Gross Fixed Capital Formation by Type and Economic Activities (current prices, annual)",200Y037,111Y082,"10.6.3.3 경제활동별 자본재형태별 총고정자본형성(명목, 연간)",,
2.1.6.4. 경제활동별 설비투자,2.1.6.4. Facilities Investments by Economic Activities,-,-,-,,
"2.1.6.4.1. 경제활동별 설비투자(명목, 연간)","2.1.6.4.1. Facilities Investments by Economic Activities (current prices, annual)",200Y038,111Y069,"10.6.4.1 경제활동별 설비투자(명목, 연간)",,
"2.1.6.4.2. 경제활동별 설비투자(실질, 연간)","2.1.6.4.2. Facilities Investments by Economic Activities (chained 2015 year prices ¹), annual)",200Y039,111Y070,"10.6.4.2 경제활동별 설비투자(실질 ¹), 연간)",,
2.1.7. 민간최종소비지출,2.1.7. Final Consumption Expenditure,-,-,-,,
2.1.7.1. 가계의 목적별 최종소비지출,2.1.7.1. Final Consumption Expenditure of Resident Households by Purpose,-,-,-,,
"2.1.7.1.1. 가계의 목적별 최종소비지출(계절조정, 명목, 분기)","2.1.7.1.1. Final Consumption Expenditure of Resident Households by purpose (seasonally adjusted, current prices, quarterly)",200Y040,111Y026,"10.7.1.1.1. 가계의 목적별 최종소비지출(계절조정, 명목, 분기)",,
"2.1.7.1.2. 가계의 목적별 최종소비지출(계절조정, 실질, 분기)","2.1.7.1.2. Final Consumption Expenditure of Resident Households by purpose (seasonally adjusted, chained 2015 year prices, quarterly)",200Y041,111Y027,"10.7.1.1.2. 가계의 목적별 최종소비지출(계절조정, 실질, 분기)",,
"2.1.7.1.3. 가계의 목적별 최종소비지출(원계열, 명목, 분기 및 연간)","2.1.7.1.3. Final Consumption Expenditure of Resident Households by purpose (not seasonally adjusted, current prices, quarterly & annual)",200Y042,111Y024,"10.7.1.1.3. 가계의 목적별 최종소비지출(원계열, 명목, 분기 및 연간)",,
"2.1.7.1.4. 가계의 목적별 최종소비지출(원계열, 실질, 분기 및 연간)","2.1.7.1.4. Final Consumption Expenditure of Resident Households by purpose (not seasonally adjusted, chained 2015 year prices, quarterly & annual)",200Y043,111Y025,"10.7.1.1.4. 가계의 목적별 최종소비지출(원계열, 실질, 분기 및 연간)",,
2.1.7.2. 가계의 형태별 최종소비지출,2.1.7.2. Final Consumption Expenditure of Resident Households by Type,-,-,-,,
"2.1.7.2.1. 가계의 형태별 최종소비지출(계절조정, 명목, 분기)","2.1.7.2.1. Final Consumption Expenditure of Resident Households by Type (seasonally adjusted, current prices, quarterly)",200Y044,111Y051,"10.7.1.2.1. 가계의 형태별 최종소비지출(계절조정, 명목, 분기)",,
"2.1.7.2.2. 가계의 형태별 최종소비지출(계절조정, 실질, 분기)","2.1.7.2.2. Final Consumption Expenditure of Resident Households by Type (seasonally adjusted, chained 2015 year prices, quarterly)",200Y045,111Y052,"10.7.1.2.2. 가계의 형태별 최종소비지출(계절조정, 실질, 분기)",,
"2.1.7.2.3. 가계의 형태별 최종소비지출(원계열, 명목, 분기 및 연간)","2.1.7.2.3. Final Consumption Expenditure of Resident Households by Type (not seasonally adjusted, current prices, quarterly & annual)",200Y046,111Y028,"10.7.1.2.3. 가계의 형태별 최종소비지출(원계열, 명목, 분기 및 연간)",,
"2.1.7.2.4. 가계의 형태별 최종소비지출(원계열, 실질, 분기 및 연간)","2.1.7.2.4. Final Consumption Expenditure of Resident Households by Type (not seasonally adjusted, chained 2015 year prices, quarterly & annual)",200Y047,111Y029,"10.7.1.2.4. 가계의 형태별 최종소비지출(원계열, 실질, 분기 및 연간)",,
2.1.7.3. 가계에 봉사하는 비영리단체의 목적별 최종소비지출,2.1.7.3. Final Consumption Expenditure of NPISH by Purpose,-,-,-,,
"2.1.7.3.1. 가계에 봉사하는 비영리단체의 목적별 최종소비지출(원계열, 명목, 분기 및 연간)","2.1.7.3.1. Final Consumption Expenditure of NPISH by Purpose (not seasonally adjusted, current prices, quarterly & annual)",200Y048,111Y030,"10.7.2.1.1 가계에 봉사하는 비영리단체의 목적별 최종소비지출(원계열, 명목, 분기 및 연간)",,
"2.1.7.3.2. 가계에 봉사하는 비영리단체의 목적별 최종소비지출(원계열, 실질, 분기 및 연간)","2.1.7.3.2. Final Consumption Expenditure of NPISH by Purpose (not seasonally adjusted, chained 2015 year prices, quarterly & annual)",200Y049,111Y031,"10.7.2.1.2 가계에 봉사하는 비영리단체의 목적별 최종소비지출(원계열, 실질, 분기 및 연간)",,
"2.1.7.4. 가계에 봉사하는 비영리단체의 목적별 투입 및 산출(명목, 연간)","2.1.7.4. Final Consumption Expenditure of NPISH According to Cost-Composition and Purpose (current prices, annual)",200Y050,111Y064,"10.7.2.2. 가계에 봉사하는 비영리단체의 목적별 투입 및 산출(명목, 연간)",,
2.1.8. 일반정부 및 공공부문계정,2.1.8. General Government and Public Sector Accounts,-,-,-,,
"2.1.8.1. 일반정부의 부문별 기능별 최종소비지출(명목, 연간)","2.1.8.1. General Government Final Consumption Expenditure by Function (current prices, annual)",200Y051,111Y065,"10.8.1. 일반정부의 부문별 기능별 최종소비지출(명목, 연간)",,
"2.1.8.2. 일반정부의 부문별 기능별 총지출 (명목, 연간)","2.1.8.2. General Government Total Expenditure by Function (current prices, annual)",200Y052,111Y066,"10.8.2. 일반정부의 부문별 기능별 총지출 (명목, 연간)",,
"2.1.8.3. 일반정부의 부문별 총수입, 총지출, 저축투자차액(명목, 연간)","2.1.8.3. General Government Total Revenue and Total Expenditure (current prices, annual)",200Y053,111Y068,"10.8.3. 일반정부의 부문별 총수입,총지출,저축투자차액 (명목, 연간)",,
"2.1.8.4. 공공부문의 부문별 총수입, 총지출, 저축투자차액(명목, 연간)","2.1.8.4. Public Sector Total Revenue and Total Expenditure (current prices, annual)",200Y054,111Y067,"10.8.4. 공공부문의 부문별 총수입,총지출,저축투자차액 (명목, 연간)",,
2.1.9. 총저축과 총투자,2.1.9. Gross Savings and Gross Investments,-,-,-,,
"2.1.9.1. 총저축과 총투자(계절조정, 명목, 분기)","2.1.9.1. Gross Savings and Gross Investments (seasonally adjusted, current prices, quarterly)",200Y055,111Y053,"10.9.1. 총저축과 총투자(계절조정, 명목, 분기)",,
"2.1.9.2. 총저축과 총투자(원계열, 명목, 분기 및 연간)","2.1.9.2. Gross Savings and Gross Investments (not seasonally adjusted, current prices, quarterly & annual)",200Y056,111Y037,"10.9.2. 총저축과 총투자(원계열, 명목, 분기 및 연간)",,
2.1.10. 정보통신 부가가치 및 최종수요,2.1.10. Information and Communication Technologies (chained 2015 year prices),-,-,-,,
"2.1.10.1. 정보통신산업(계절조정, 실질, 분기)","2.1.10.1. Information and Communication Technologies (seasonally adjusted, chained 2015 year prices, quarterly)",200Y057,111Y054,"10.10.1. 정보통신산업(계절조정, 실질, 분기)",,
"2.1.10.2. 정보통신산업(원계열, 실질, 분기 및 연간)","2.1.10.2. Information and Communication Technologies (not seasonally adjusted, chained 2015 year prices, quarterly and annual)",200Y058,111Y048,"10.10.2. 정보통신산업(원계열, 실질, 분기 및 연간)",,
2.2. 산업연관표,2.2. Input-Output Tables,-,-,-,,
2.2.1. 2015년 실측표 기준,2.2.1. 2015 Benchmark Year,-,-,-,,
2.2.1.1. 파일 다운로드,2.2.1.1. Data,-,-,-,,
2.2.1.2. 데이터,2.2.1.2. Download Files,-,-,-,,
" 투입산출표 총거래표(생산자가격, 대분류)"," Input-Output : Total transactions(Producer's price, Large-sized)",271Y008,신규,,,통계표 신규
" 투입산출표 총투입계수표(생산자가격, 대분류)"," Input-Output : Input coefficients(Producer's price, Large-sized)",271Y009,신규,,,통계표 신규
" 투입산출표 생산유발계수표(생산자가격, 대분류)"," Input-Output : Production requirement coefficients(Producer's price, Large-sized)",271Y010,신규,,,통계표 신규
" 투입산출표 수입유발계수표(생산자가격, 대분류)"," Input-Output : Import requirement coefficients(Producer's price, Large-sized)",271Y011,신규,,,통계표 신규
" 투입산출표 부가가치유발계수표(생산자가격, 대분류)"," Input-Output : Value added requirement coefficients(Producer's price, Large-sized)",271Y012,신규,,,통계표 신규
" 투입산출표 취업유발계수표(생산자가격, 대분류)"," Input-Output : Total workers requirement coefficients(Producer's price, Large-sized)",271Y013,신규,,,통계표 신규
" 투입산출표 고용유발계수표(생산자가격, 대분류)"," Input-Output : Employees requirement coefficients(Producer's price, Large-sized)",271Y014,신규,,,통계표 신규
" 공급표(기초가격, 대분류)"," Supply(Basic price, Large-sized)",271Y015,신규,,,통계표 신규
" 사용표(구매자가격, 대분류)"," Use(Purchaser's price, Large-sized)",271Y016,신규,,,통계표 신규
" 사용표(기초가격, 대분류)"," Use(Basic price, Large-sized)",271Y017,신규,,,통계표 신규
" 투입산출표 총거래표(생산자가격, 중분류)"," Input-Output : Total transactions(Producer's price, Medium-sized)",271Y068,신규,,,통계표 신규
" 투입산출표 총투입계수표(생산자가격, 중분류)"," Input-Output : Input coefficients(Producer's price, Medium-sized)",271Y069,신규,,,통계표 신규
" 투입산출표 생산유발계수표(생산자가격, 중분류)"," Input-Output : Production requirement coefficients(Producer's price, Medium-sized)",271Y070,신규,,,통계표 신규
" 투입산출표 수입유발계수표(생산자가격, 중분류)"," Input-Output : Import requirement coefficients(Producer's price, Medium-sized)",271Y071,신규,,,통계표 신규
" 투입산출표 부가가치유발계수표(생산자가격, 중분류)"," Input-Output : Value added requirement coefficients(Producer's price, Medium-sized)",271Y072,신규,,,통계표 신규
" 투입산출표 취업유발계수표(생산자가격, 중분류)"," Input-Output : Total workers requirement coefficients(Producer's price, Medium-sized)",271Y073,신규,,,통계표 신규
" 투입산출표 고용유발계수표(생산자가격, 중분류)"," Input-Output : Employees requirement coefficients(Producer's price, Medium-sized)",271Y074,신규,,,통계표 신규
" 공급표(기초가격, 중분류)"," Supply(Basic price, Medium-sized)",271Y075,신규,,,통계표 신규
" 사용표(구매자가격, 중분류)"," Use(Purchaser's price, Medium-sized)",271Y076,신규,,,통계표 신규
" 사용표(기초가격, 중분류)"," Use(Basic price, Medium-sized)",271Y077,신규,,,통계표 신규
2.2.2. 2010년 실측표 기준,2.2.2. 2010 Benchmark Year,-,-,-,,
2.2.2.1. 파일 다운로드,2.2.2.1. Download Files,-,-,-,,
2.2.3. 2005년 실측표 기준,2.2.3. 2005 Benchmark Year,-,-,-,,
2.2.3.1. 파일 다운로드,2.2.3.1. Download Files,-,-,-,,
2.2.4. 2003년 실측표 기준,2.2.4. 2003 Benchmark Year,-,-,-,,
2.2.4.1. 파일 다운로드,2.2.4.1. Download Files,-,-,-,,
2.2.5. 2000년 실측표 기준,2.2.5. 2000 Benchmark Year,-,-,-,,
2.2.5.1. 파일 다운로드,2.2.5.1. Download Files,-,-,-,,
2.2.6. 1995년 실측표 기준,2.2.6. 1995 Benchmark Year,-,-,-,,
2.2.6.1. 파일 다운로드,2.2.6.1. Download Files,-,-,-,,
2.2.8. 1985년 실측표 기준,2.2.8. 1985 Benchmark Year,-,-,-,,
2.2.8.1. 파일 다운로드,2.2.8.1. Download Files,-,-,-,,
2.2.9. 1980년 실측표 기준,2.2.9. 1980 Benchmark Year,-,-,-,,
2.2.9.1. 파일 다운로드,2.2.9.1. Download Files,-,-,-,,
2.2.10. 1975년 실측표 기준,2.2.10. 1975 Benchmark Year,-,-,-,,
2.2.10.1. 파일 다운로드,2.2.10.1. Download Files,-,-,-,,
2.2.11. 1970년 실측표 기준,2.2.11. 1970 Benchmark Year,-,-,-,,
2.2.11.1. 파일 다운로드,2.2.11.1. Download Files,-,-,-,,
2.2.12. 1965년 실측표 기준,2.2.12. 1965 Benchmark Year,-,-,-,,
2.2.12.1. 파일 다운로드,2.2.12.1. Download Files,-,-,-,,
2.2.13. 1963년 실측표 기준,2.2.13. 1963 Benchmark Year,-,-,-,,
2.2.13.1. 파일 다운로드,2.2.13.1. Download Files,-,-,-,,
2.2.14. 1960년 실측표 기준,2.2.14. 1960 Benchmark Year,-,-,-,,
2.2.14.1. 파일 다운로드,2.2.14.1. Download Files,-,-,-,,
2.3. 자금순환표,2.3. Flow of Funds,-,-,-,,
2.3.1. 2009- (2008 SNA 기준),2.3.1. SNA,-,-,-,,
2.3.1.1. 금융거래표(2009~),2.3.1.1. Financial Transaction(2009~),281Y001,012Y501,11.1.1 금융거래표(2009~),Y,통계항목변경
2.3.1.2. 금융자산부채잔액표(2008~),2.3.1.2. Financial Assets and Liabilities Outstanding(2008~),281Y002,012Y502,11.1.2 금융자산부채잔액표(2008~),Y,통계항목변경
2.3.2. 2002-2013 (1993 SNA 기준),2.3.2. SNA(2002~2013),-,-,-,,
2.3.2.1. 금융거래표(2003~2013),2.3.2.1. Financial Transaction(2003~2013),281Y006,012Y101,11.2.1 금융거래표(2003~2013),,
2.3.2.2. 금융자산부채잔액표(2002~),2.3.2.2.1. Financial Assets and Liabilities Outstanding(2002~2013),281Y007,012Y102,11.2.2 금융자산부채잔액표(2002~),,
2.3.3. 1975-2005 (1968 SNA 기준),2.3.3. SNA(1975~2005),-,-,-,,
2.3.3.1. 금융거래표(1975~2005),2.3.3.1.1. Financial Transactions,281Y004,012Y001,11.3.1 금융거래표,,
2.3.3.2. 금융자산부채잔액표(1975~2005),2.3.3.2.1. Financial Assets & Liabilities Outstanding (End of),281Y005,012Y002,11.3.2 금융자산부채잔액표,,
2.3.4. 1969-1974 (1968 SNA 기준),"2.3.4. SNA(1969~1974, year)",-,-,-,,
2.3.4.1. 금융거래표(1970~1974),2.3.4.1.1. Financial Transactions(1970~1974),281Y011,012Y301,11.4.1 금융거래표(1970~1974),,
2.3.4.2. 금융자산부채잔액표(1969~1974),2.3.4.2.1. Financial Assets and Liabilities Outstanding(1969~1974),281Y012,012Y302,11.4.2 금융자산부채잔액표(1969~1974),,
2.3.5. 1962-1970 (1953 SNA 기준),"2.3.5. SNA(1962~1970, year)",-,-,-,,
2.3.5.1. 금융거래표(1963~1970,2.3.5.1.1. Financial Transactions(1963~1970),281Y009,012Y201,11.5.1 금융거래표(1963~1970),,
2.3.5.2. 금융자산부채잔액표(1962~1970),2.3.5.2.1. Financial Assets and Liabilities Outstanding(1962~1970),281Y010,012Y202,11.5.2 금융자산부채잔액표(1962~1970),,
2.4. 국민대차대조표(2015년 기준년),2.4. National Balance Sheets(reference year 2015),-,-,-,,
2.4.1. 자산별 자본스톡,2.4.1. Capital stock by assets,-,-,-,,
2.4.1.1. 자산별 순자본스톡,2.4.1.1. Net capital stock by assets,-,-,-,,
"2.4.1.1.1. 자산별 순자본스톡(명목, 연말기준)","2.4.1.1.1. Net capital stock by assets(at current prices, year-end)",291Y401,104Y401,"14.1.1 자산별 순자본스톡(명목, 연말기준)",,
"2.4.1.1.2. 자산별 순자본스톡(실질, 연말기준)","2.4.1.1.2. Net capital stock by assets(at chained 2015 year prices, year-end)",291Y402,104Y402,"14.1.2 자산별 순자본스톡(실질, 연말기준)",,
2.4.1.2. 자산별 생산자본스톡,2.4.1.2. Productive capital stock by assets,-,-,-,,
"2.4.1.2.1. 자산별 생산자본스톡(명목, 연말기준)","2.4.1.2.1. Productive capital stock by assets(at current prices, year-end)",291Y403,104Y403,"14.1.3 자산별 생산자본스톡(명목, 연말기준)",,
"2.4.1.2.2. 자산별 생산자본스톡(실질, 연말기준)","2.4.1.2.2. Productive capital stock by assets(at chained 2015 year prices, year-end)",291Y404,104Y404,"14.1.4 자산별 생산자본스톡(실질, 연말기준)",,
2.4.2. 제도부문별 대차대조표,2.4.2. Balance sheets by institutional sectors,-,-,-,,
"2.4.2.1. 제도부문별 대차대조표(명목, 연말기준)","2.4.2.1. Balance sheets by institutional sectors(at current prices, year-end)",291Y405,104Y405,"14.2.1 제도부문별 대차대조표(명목, 연말기준)",,
2.4.2.2. 자산/부채의 증감(명목),2.4.2.2. Total changes in assets/liabilities(at current prices),291Y406,104Y406,14.2.2 자산/부채의 증감(명목),,
2.4.2.3. 순자산 증감(명목),"2.4.2.3. Changes in net worth, total(at current prices)",291Y407,104Y407,14.2.3 순자산 증감(명목),,
2.4.3. 제도부문별 순자본스톡,2.4.3. Net capital stock by institutional sectors,-,-,-,,
"2.4.3.1. 제도부문별 순자본스톡(명목, 연말기준)","2.4.3.1. Net capital stock by institutional sectors(at current prices, year-end)",291Y408,104Y408,"14.3.1 제도부문별 순자본스톡(명목, 연말기준)",,
2.4.4. 제도부문별 비금융자산별 보유손익,2.4.4. Holding gains by institutional sectors and non-financial assets(at current prices),-,-,-,,
2.4.4.1. 제도부문별 비금융자산별 명목보유손익(명목),2.4.4.1. Nominal holding gains by institutional sectors and non-financial assets(at current prices),291Y409,104Y409,14.4.1 제도부문별 비금융자산별 명목보유손익(명목),,
2.4.4.2. 제도부문별 비금융자산별 중립보유손익(명목),2.4.4.2. Neutral holding gains by institutional sectors and non-financial assets(at current prices),291Y410,104Y410,14.4.2 제도부문별 비금융자산별 중립보유손익(명목),,
2.4.4.3. 제도부문별 비금융자산별 실질보유손익(명목),2.4.4.3. Real holding gains by institutional sectors and non-financial assets(at current prices),291Y411,104Y411,14.4.3 제도부문별 비금융자산별 실질보유손익(명목),,
2.4.5. 제도부문별 생산자본스톡,2.4.5. Productive capital stock by institutional sectors,-,-,-,,
"2.4.5.1. 제도부문별 생산자본스톡(명목, 연말기준)","2.4.5.1. Productive capital stock by institutional sectors(at current prices, year-end)",291Y412,104Y412,"14.5.1 제도부문별 생산자본스톡(명목, 연말기준)",,
"2.4.5.2. 제도부문별 생산자본스톡(실질, 연말기준)","2.4.5.2. Productive capital stock by institutional sectors(at chained 2015 year prices, year-end)",291Y413,104Y413,"14.5.2 제도부문별 생산자본스톡(실질, 연말기준)",,
2.4.6. 제도부문별 자본서비스물량지수,2.4.6. Volume indices of capital services by institutional sectors,-,-,-,,
2.4.6.1. 제도부문별 연쇄라스파이레스 자본서비스물량지수,2.4.6.1. Chained Laspeyres volume indices of capital services by institutional sectors,291Y414,104Y414,14.6.1 제도부문별 연쇄라스파이레스 자본서비스물량지수,,
2.4.6.2. 제도부문별 연쇄통크비스트 자본서비스물량지수,2.4.6.2. Chained Tornqvist volume indices of capital services by institutional sectors,291Y415,104Y415,14.6.2 제도부문별 연쇄통크비스트 자본서비스물량지수,,
"2.4.6.3. 제도부문별 자본사용자비용 비중(명목, %)","2.4.6.3. Shares of user cost of capital by institutional sectors(at current prices, percentage)",291Y416,104Y416,"14.6.3 제도부문별 자본사용자비용 비중(명목, %)",,
2.4.7. 경제활동별 순자본스톡,2.4.7. Net capital stock by kind of economic activity,-,-,-,,
"2.4.7.1. 경제활동별 순자본스톡(명목, 연말기준)","2.4.7.1. Net capital stock by kind of economic activity(at current prices, year-end)",291Y417,104Y417,"14.7.1 경제활동별 순자본스톡(명목, 연말기준)",,
"2.4.7.2. 경제활동별 순자본스톡(실질, 연말기준)","2.4.7.2. Net capital stock by kind of economic activity(at chained 2015 year prices, year-end)",291Y418,104Y418,"14.7.2 경제활동별 순자본스톡(실질, 연말기준)",,
2.4.8. 경제활동별 생산자본스톡,2.4.8. Productive capital stock by kind of economic activity,-,-,-,,
"2.4.8.1. 경제활동별 생산자본스톡(명목, 연말기준)","2.4.8.1. Productive capital stock by kind of economic activity(at current prices, year-end)",291Y419,104Y419,"14.8.1 경제활동별 생산자본스톡(명목, 연말기준)",,
"2.4.8.2. 경제활동별 생산자본스톡(실질, 연말기준)","2.4.8.2. Productive capital stock by kind of economic activity(at chained 2015 year prices, year-end)",291Y420,104Y420,"14.8.2 경제활동별 생산자본스톡(실질, 연말기준)",,
2.4.9. 경제활동별 자본서비스물량지수,2.4.9. Volume indices of capital services by kind of economic activity,-,-,-,,
2.4.9.1. 경제활동별 연쇄라스파이레스 자본서비스물량지수,2.4.9.1. Chained Laspeyres volume indices of capital services by kind of economic activity,291Y421,104Y421,14.9.1 경제활동별 연쇄라스파이레스 자본서비스물량지수,,
2.4.9.2. 경제활동별 연쇄통크비스트 자본서비스물량지수,2.4.9.2. Chained Tornqvist volume indices of capital services by kind of economic activity,291Y422,104Y422,14.9.2 경제활동별 연쇄통크비스트 자본서비스물량지수,,
"2.4.9.3. 경제활동별 자본사용자비용 비중(명목, %)","2.4.9.3. Shares of user cost of capital by kind of economic activity(at current prices, percentage)",291Y423,104Y423,"14.9.3 경제활동별 자본사용자비용 비중(명목, %)",,
"2.4.10. 주택 시가총액(명목, 연말기준)","2.4.10. Combined value of dwellings(at current prices, year-end)",291Y424,104Y424,"14.10.주택 시가총액(명목, 연말기준)",,
"2.4.11. 시도별 토지자산 순자본스톡(명목, 연말기준)","2.4.11. Net capital stock of land by provinces(at current prices, year-end)",291Y425,104Y425,"14.11.시도별 토지자산 순자본스톡(명목, 연말기준)",,
2.5. 국제수지표,2.5. Balance of Paymensts Statistics,-,-,-,,
2.5.1. 국제수지,2.5.1. Balance of Payments,-,-,-,,
2.5.1.1. 국제수지,2.5.1.1. Balance of Payments,301Y013,022Y013,8.1.1 국제수지,,
2.5.1.2. 경상수지(계절조정),2.5.1.2. Current Account(S.A.),301Y017,022Y113,8.1.2 계절변동조정 경상수지(경상수지 S.A.),,
2.5.1.3. 서비스무역세분류통계,2.5.1.3. EBOPS,301Y014,022Y014,8.1.3 서비스무역세분류통계,,
2.5.1.4. 지역별 경상수지,2.5.1.4. Regional Current Account,301Y015,022Y015,8.2.1 지역별 경상수지,,
2.5.1.5. 지역별 자본수지/금융계정,2.5.1.5. Regional Capital & Financial Account,301Y016,022Y016,8.2.2 지역별 자본수지·금융계정,,
2.5.2. 지식재산권 무역수지,2.5.2. Intellectual Property Right Trade Balance,-,-,-,,
2.5.2.1. 제10차 한국표준산업분류(2017~),2.5.2.1. 10th Revision(2017~),-,-,-,,
2.5.2.1.1. 지식재산권 무역수지(유형별),"2.5.2.1.1. Intellectual Property Right Trade Balance (IPR Trade Balance, by sector)",304Y004,022Y117,8.1.4.1.1 지식재산권 무역수지(유형별),,
2.5.2.1.2. 지식재산권 무역수지(기관형태별),"2.5.2.1.2. Intellectual Property Right Trade Balance (IPR Trade Balance, by enterprise size)",304Y005,022Y118,8.1.4.1.2 지식재산권 무역수지(기관형태별),,
2.5.2.1.3. 지식재산권 무역수지(산업별),"2.5.2.1.3. Intellectual Property Right Trade Balance (IPR Trade Balance, by industrial types)",304Y006,022Y119,8.1.4.1.3 지식재산권 무역수지(산업별),,
2.5.2.1.4. 지식재산권 무역수지(국가별),"2.5.2.1.4. Intellectual Property Right Trade Balance (IPR Trade Balance, by country)",304Y007,022Y120,8.1.4.1.4 지식재산권 무역수지(국가별),,
"2.5.2.1.5. 지식재산권 무역수지(유형별, 기관형태별)",2.5.2.1.5. Intellectual Property Right Trade Balance (sector×enterprise),304Y012,022Y121,8.1.4.1.5 지식재산권 무역수지(유형별X기관형태별),,
"2.5.2.1.6. 지식재산권 무역수지(유형별, 산업별)",2.5.2.1.6. Intellectual Property Right Trade Balance (sector×industrial type),304Y013,022Y122,8.1.4.1.6 지식재산권 무역수지(유형별X산업별),,
"2.5.2.1.7. 지식재산권 무역수지(유형별, 국가별)",2.5.2.1.7. Intellectual Property Right Trade Balance (sector×country),304Y014,022Y123,8.1.4.1.7 지식재산권 무역수지(유형별X국가별),,
"2.5.2.1.8. 지식재산권 무역수지(기관형태별, 산업별)",2.5.2.1.8. Intellectual Property Right Trade Balance (enterprise×industrial type),304Y015,022Y124,8.1.4.1.8 지식재산권 무역수지(기관형태별X산업별),,
"2.5.2.1.9. 지식재산권 무역수지(기관형태별, 국가별)",2.5.2.1.9. Intellectual Property Right Trade Balance (enterprise×country),304Y016,022Y125,8.1.4.1.9 지식재산권 무역수지(기관형태별X국가별),,
"2.5.2.1.10. 지식재산권 무역수지(산업별, 국가별)",2.5.2.1.10. Intellectual Property Right Trade Balance (industrial type×country),304Y017,022Y126,8.1.4.1.10 지식재산권 무역수지(산업별X국가별),,
2.5.2.2. 제9차 한국표준산업분류(2010~2020),2.5.2.2. 9th Revision(2010~2020),-,-,-,,
2.5.2.2.1. 지식재산권 무역수지(유형별),"2.5.2.2.1. Intellectual Property Right Trade Balance (IPR Trade Balance, by sector)",304Y008,022Y017,8.1.4.2.1 지식재산권 무역수지(유형별),,
2.5.2.2.2. 지식재산권 무역수지(기관형태별),"2.5.2.2.2. Intellectual Property Right Trade Balance (IPR Trade Balance, by enterprise size)",304Y009,022Y018,8.1.4.2.2 지식재산권 무역수지(기관형태별),,
2.5.2.2.3. 지식재산권 무역수지(산업별),"2.5.2.2.3. Intellectual Property Right Trade Balance (IPR Trade Balance, by industrial types)",304Y010,022Y019,8.1.4.2.3 지식재산권 무역수지(산업별),,
2.5.2.2.4. 지식재산권 무역수지(국가별),"2.5.2.2.4. Intellectual Property Right Trade Balance (IPR Trade Balance, by country)",304Y011,022Y020,8.1.4.2.4 지식재산권 무역수지(국가별),,
"2.5.2.2.5. 지식재산권 무역수지(유형별, 기관형태별)",2.5.2.2.5. Intellectual Property Right Trade Balance (sector×enterprise),304Y018,022Y021,8.1.4.2.5 지식재산권 무역수지(유형별X기관형태별),,
"2.5.2.2.6. 지식재산권 무역수지(유형별, 산업별)",2.5.2.2.6. Intellectual Property Right Trade Balance (sector×industrial type),304Y019,022Y022,8.1.4.2.6 지식재산권 무역수지(유형별X산업별),,
"2.5.2.2.7. 지식재산권 무역수지(유형별, 국가별)",2.5.2.2.7. Intellectual Property Right Trade Balance (sector×country),304Y020,022Y023,8.1.4.2.7 지식재산권 무역수지(유형별X국가별),,
"2.5.2.2.8. 지식재산권 무역수지(기관형태별, 산업별)",2.5.2.2.8. Intellectual Property Right Trade Balance (enterprise×industrial type),304Y021,022Y024,8.1.4.2.8 지식재산권 무역수지(기관형태별X산업별),,
"2.5.2.2.9. 지식재산권 무역수지(기관형태별, 국가별)",2.5.2.2.9. Intellectual Property Right Trade Balance (enterprise×country),304Y022,022Y025,8.1.4.2.9 지식재산권 무역수지(기관형태별X국가별),,
"2.5.2.2.10. 지식재산권 무역수지(산업별, 국가별)",2.5.2.2.10. Intellectual Property Right Trade Balance (industrial type×country),304Y023,022Y026,8.1.4.2.10 지식재산권 무역수지(산업별X국가별),,
2.6. 국제투자대조표/대외채권채무,2.6. International Investment Postion and External Debt/Assets,-,-,-,,
2.6.1. 국제투자대조표,2.6.1. International Investment Position,-,-,-,,
2.6.1.1. 국제투자대조표(IIP),2.6.1.1. International Investment Position,311Y001,025Y009,8.6.1 국제투자대조표(IIP),,
2.6.1.2. 지역별 국제투자대조표,2.6.1.2. IIP for Nations,311Y002,025Y010,8.6.2 지역별 국제투자대조표,,
2.6.1.3. 통화별 국제투자대조표,2.6.1.3. IIP for Currencies,311Y003,025Y011,8.6.3 통화별 국제투자대조표,,
2.6.2. 대외채무/채권,2.6.2. External Debt / Assets,-,-,-,,
2.6.2.1. 대외채무,2.6.2.1. External Debt,311Y004,039Y108,8.7.1 대외채무,,
2.6.2.2. 대외채권,2.6.2.2. External Assets,311Y005,039Y109,8.7.2 대외채권,,
2.6.2.3. 순대외채권,2.6.2.3. Net External Assets,311Y006,039Y110,8.7.3 순대외채권,,
3. 환율/통관수출입/외환보유액,3. Exchange Rate/External Trade/International Reserves,-,-,-,,
3.1. 환율,3.1. Foreign Exchange Rate,-,-,-,,
3.1.1. 일일환율,3.1.1. Foreign Daily Exchange Rate,-,-,-,,
3.1.1.1. 주요국 통화의 대원화환율,3.1.1.1. Arbitraged Rates of Major Currencies Against Won,731Y001,036Y001,8.8.1.1 주요국통화의 대원화 환율,,
3.1.1.2. 주요국 통화의 대미달러환율,3.1.1.2. Cross Rate of Major Currencies Against US Dollar,731Y002,036Y002,8.8.1.2 주요국통화의 대미달러 환율,,
"3.1.1.3. 원화의 대미달러, 원화의 대위안/대엔 환율","3.1.1.3. Exchange Rate of Won Against US Dollar, China Yuan Renminbi, and Japan Yen",731Y003,036Y003,"8.8.1.3 원화의 대미달러, 원화의 대위안, 대엔 환율",,
3.1.2. 평균환율/기말환율,"3.1.2. Average Period, End of Period",-,-,-,,
3.1.2.1. 주요국 통화의 대원화환율,"3.1.2.1. Arbitraged Rates of Major Currencies Against Won, Longer Frequency",731Y004,036Y004,8.8.2.1 주요국통화의 대원화 환율 통계자료,,
3.1.2.2. 주요국 통화의 대미달러환율,"3.1.2.2. Cross Rate of Major Currencies Against US Dollar, Longer Frequency",731Y005,036Y005,8.8.2.2 주요국통화의 대미달러 환율 통계자료,,
"3.1.2.3. 원화의 대미달러, 원화의 대위안/대엔 환율","3.1.2.3. Exchange Rate of Won Against US Dollar, China Yuan Renminbi, and Japan Yen, Longer Frequency",731Y006,036Y006,"8.8.2.3 원화의 대미달러, 원화의 대위안, 대엔 환율",,
3.2. 통관기준 수출입,3.2. External Trade,-,-,-,,
3.2.1. 국가별 수출입,3.2.1. Trades based on Customs Data,-,-,-,,
3.2.1.1. 국가별 수출,3.2.1.1. Exports By Principal Country (Korea Customs Service),901Y011,023Y001,8.3.1 국별수출(관세청),,
3.2.1.2. 국가별 수입,3.2.1.2. Imports By Principal Country (Korea Customs Service),901Y012,023Y002,8.3.2 국별수입(관세청),,
3.2.2. 결제통화별 수출입,3.2.2. Trades based on Customs Data by Settlement Currency,-,-,-,,
3.2.2.1. 결제통화별 수출,3.2.2.1. Exports by Settlemnet Currecny,-,-,-,,
3.2.2.1.1. 지역별 결제통화(수출),3.2.2.1.1. Settlement currency by region(Export),303Y001,022Y007,8.1.5.1 지역별 결제통화(수출),,
3.2.2.1.2. 국가별 결제통화(수출),3.2.2.1.2. Settlement currency by country(Export),303Y002,022Y008,8.1.5.2 국가별 결제통화(수출),,
"3.2.2.1.3. 지역별,국가별 원화결제(수출)",3.2.2.1.3. Korean Won settlement by region/country(Export),303Y003,022Y009,"8.1.5.3 지역별,국가별 원화결제(수출)",,
3.2.2.2. 결제통화별 수입,3.2.2.2. Imports by Settlemnet Currecny,-,-,-,,
3.2.2.2.1. 지역별 결제통화(수입),3.2.2.2.1. Settlement currency by region(Import),303Y004,022Y010,8.1.6.1 지역별 결제통화(수입),,
3.2.2.2.2. 국가별 결제통화(수입),3.2.2.2.2. Settlement currency by country(Import),303Y005,022Y011,8.1.6.2 국가별 결제통화(수입),,
"3.2.2.2.3. 지역별,국가별 원화결제(수입)",3.2.2.2.3. Korean Won settlement by region/country(Import),303Y006,022Y012,"8.1.6.3 지역별,국가별 원화결제(수입)",,
3.3. 무역지수/교역조건지수(2015=100),3.3. Trade/Terms of Trade indices(2015=100),-,-,-,,
3.3.1. 수출입 금액/물량지수,3.3.1. Trade Value and Volume Indices,-,-,-,,
3.3.1.1. 수출 금액/물량지수,3.3.1.1. Export Value and Volume Indices,-,-,-,,
3.3.1.1.1. 수출금액지수,3.3.1.1.1. Export Value Indices,403Y001,099Y001,8.4.1 수출금액지수,,
3.3.1.1.2. 수출물량지수,3.3.1.1.2. Export Volume Indices,403Y002,099Y002,8.4.2 수출물량지수,,
3.3.1.2. 수입 금액/물량지수,3.3.1.2. Import Value and Volume Indices,-,-,-,,
3.3.1.2.1. 수입금액지수,3.3.1.2.1. Import value Indices,403Y003,099Y003,8.4.3 수입금액지수,,
3.3.1.2.2. 수입물량지수,3.3.1.2.2. Import volume Indices,403Y004,099Y004,8.4.4 수입물량지수,,
3.3.2. 교역조건지수,3.3.2. Terms of Trade Indices,403Y005,099Y005,8.4.5 교역조건지수,,
3.4. 해외투자/차관,3.4. Direct Investmnet,-,-,-,,
3.4.1. 해외직접투자(신고기준),3.4.1. Direct Investment Abroad(Based on Acceptance),901Y060,085Y013,8.9.1 해외직접투자(신고기준),,
3.4.2. 외국인투자(신고기준),3.4.2. Direct Investment in Korea(Based on Acceptance),901Y061,085Y014,8.9.2 외국인투자(신고기준),,
3.5. 외환보유액,3.5. International Reserves,732Y001,038Y001,8.5.외환보유액,Y,통계항목변경
4. 물가,4. Price Indices,-,-,-,,
4.1. 생산자물가지수(2015=100),4.1. Producer Price Indices,-,-,-,,
4.1.1. 생산자물가지수,4.1.1. Producer Price Indices,-,-,-,,
4.1.1.1. 생산자물가지수(기본분류),4.1.1.1. Producer Price Indices (Basic Groups),404Y014,013Y202,7.1.1 생산자물가지수(기본분류)(2015=100),,
4.1.1.2. 생산자물가지수(특수분류),4.1.1.2. Producer Price Indices (Special Groups),404Y015,013Y203,7.1.2 생산자물가지수(특수분류)(2015=100),,
4.1.1.3. 생산자물가지수(품목별),4.1.1.3. Producer Price Indices (Item Groups),404Y016,013Y204,7.1.3 생산자물가지수(품목별)(2015=100),,
4.1.1.4. 생산자물가지수-총지수(1910~1964),"4.1.1.4. Producer Price Index(All, 1910~1964)",404Y017,013Y208,7.1.4 생산자물가지수-총지수(1910~1964)(2015=100),,
4.1.2. 국내공급물가지수,4.1.2. Domestic Supply Price Indices (2015=100),405Y006,017Y201,7.2.국내공급물가지수(2015=100),,
4.1.3. 총산출물가지수,4.1.3. Total Output Price Indices (2015=100),405Y007,017Y202,7.3.총산출물가지수(2015=100),,
4.2. 소비자물가지수(2020=100),4.2. Consumer Price Indices,-,-,-,,
4.2.1. 소비자물가지수,4.2.1. Consumer Price indices(2015=100),901Y009,021Y125,7.4.1 소비자물가지수(2020=100)(전국),,
4.2.2. 소비자물가지수(특수분류),"4.2.2. Consumer Price indices (2015=100) (All Cities, Special Groups)",901Y010,021Y126,"7.4.2 소비자물가지수(2020=100)(전국,특수분류)",,
4.3. 수출/수입물가지수(2015=100),4.3. Export/Import Price Indices,-,-,-,,
4.3.1. 수출물가지수,4.3.1. Export Price Indices (2015=100),-,-,-,,
4.3.1.1. 수출물가지수(기본분류),4.3.1.1. Export Price Indices (Basic Groups),402Y014,019Y301,7.5.1 수출물가지수(기본분류)(2015=100),,
4.3.1.2. 수출물가지수(특수분류),4.3.1.2. Export Price Indices(Special groups),402Y015,019Y302,7.5.2 수출물가지수(특수분류)(2015=100),,
4.3.1.3. 수출물가지수(품목별),4.3.1.3. Export Prices Indices(Item Groups),402Y016,019Y303,7.5.3 수출물가지수(품목별)(2015=100),,
4.3.2. 수입물가지수,4.3.2. Import Price Indices (2015=100),-,-,-,,
4.3.2.1. 수입물가지수(기본부류),4.3.2.1. Import Price Indices(Basic Groups),401Y015,018Y301,7.6.1 수입물가지수(기본분류)(2015=100),,
4.3.2.2. 수입물가지수(특수분류),4.3.2.2. Import Prices Indices(Special Groups),401Y016,018Y302,7.6.2 수입물가지수(특수분류)(2015=100),,
4.3.2.3. 수입물가지수(품목별),4.3.2.3. Import Price Indices(Item Groups),401Y017,018Y303,7.6.3 수입물가지수(품목별)(2015=100),,
4.3.2.4. 수입물가지수(용도별),4.3.2.4. Import Price Indices(Group by use),401Y018,018Y304,7.6.4 수입물가지수(용도별)(2015=100),,
4.4. 부동산 가격지수,4.4. Estate Pirce Indices,-,-,-,,
4.4.1. 주택가격지수(KB),4.4.1. Housing Price Index,-,-,-,,
4.4.1.1. 주택매매가격지수(KB),4.4.1.1. House Price Index(KB),901Y062,085Y021,7.7.1 주택매매가격지수(KB),,
4.4.1.2. 주택전세가격지수(KB),4.4.1.2. House Jeonse Price Index(KB),901Y063,085Y022,7.7.2 주택전세가격지수(KB),,
4.4.2. 지역별 지가변동률,4.4.2. Fluctuation Rate of Land Price by Area,901Y064,085Y023,7.7.3 지역별 지가변동률,,
4.4.3. 유형별 주택가격지수,4.4.3. Housing Price Index by Type,-,-,-,,
4.4.3.1. 유형별 주택매매가격지수,4.4.3.1. House Price Index by Type(2015.6=100),901Y093,085Y069,7.7.4 유형별 주택매매가격지수,,
4.4.3.2. 유형별 주택전세가격지수,4.4.3.2. House Jeonse Price Index by Type(2015.6=100),901Y094,085Y070,7.7.5 유형별 주택전세가격지수,,
4.4.3.3. 유형별 주택월세통합가격지수,4.4.3.3. Housing Monthly Rent Index by Type(2015.6=100),901Y095,085Y071,7.7.6 유형별 주택월세통합가격지수,,
4.4.4. 아파트 매매 실거래가격지수,4.4.4. Transaction-Based Price Indices of Apartment,901Y089,085Y064,7.7.7 아파트 매매 실거래가격지수,,
4.4.5. 상권별 임대가격지수,4.4.5. Rent Indices for Building by Business District,-,-,-,,
4.4.5.1. 상권별 오피스임대가격지수,4.4.5.1. Rent Index for Office Building by Business District,901Y096,085Y072,7.7.8 상권별 오피스 임대가격지수,,
4.4.5.2. 상권별 중대형 상가 임대가격지수,4.4.5.2. Rent Index for the Medium-and-Large-Sized Stores by Business District,901Y097,085Y073,7.7.9 상권별 중대형 상가 임대가격지수,,
5. 기업경영분석,5. Financial Statement Analysis,-,-,-,,
5.1. 기업경영분석지표(연),5.1. Indicators of Financial Statement Analysis,-,-,-,,
5.1.1. 기업경영분석지표,5.1.1. Indicators of Financial Statement Analysis,-,-,-,,
"5.1.1.1. 기업경영분석지표(2009~,전수조사)","5.1.1.1. Indicators of Financial Statement Analysis(2009~,complete enumeration)",501Y011,027Y431,"12.1.1 기업경영분석지표(2009~,전수조사)",,
5.1.1.2. 기업경영분석지표(2007~2010),5.1.1.2. Indicators of Financial Statement Analysis(2007~2010),501Y017,027Y331,12.1.2 기업경영분석지표(2007~2010),,
5.1.1.3. 기업경영분석지표(~2007),5.1.1.3. Indicators of Financial Statement Analysis(~2007),501Y018,027Y131,12.1.3 기업경영분석지표(~2007),,
5.1.2. 성장성 지표,5.1.2. Indicators concerning Growth,-,-,-,,
"5.1.2.1. 성장성 지표(제10차 한국표준산업분류, 2009~)","5.1.2.1. Indicators concerning Growth(10th revised KSIC, 2009~, complete enumeration)",501Y005,027Y616,"12.2.1 성장성에 관한 지표(제10차한국표준산업분류, 2009~, 전수조사)",,
"5.1.2.2. 성장성 지표(중소기업기본법, 2015~2016)","5.1.2.2. Indicators concerning Growth(Framework Act on SMEs, 2015~2016, complete enumeration)",501Y019,027Y516,"12.2.2 성장성에 관한 지표(중소기업기본법, 2015~2016, 전수조사)",,
"5.1.2.3. 성장성 지표(조세특례제한법, 2009~2014)","5.1.2.3. Indicators concerning Growth(The Restriction of Special Taxation Act, 2009~2014, complete enumeration)",501Y020,027Y416,"12.2.3 성장성에 관한 지표(조세특례제한법, 2009~2014, 전수조사)",,
"5.1.2.4. 성장성 지표(2007~2010, 표본조사)","5.1.2.4. Indicators concerning Growth(2007~2010, sample survey)",501Y021,027Y316,"12.2.4 성장성에 관한 지표(2007~2010, 표본조사)",,
"5.1.2.5. 성장성 지표(1998~2007, 표본조사)","5.1.2.5. Indicators concerning Growth(1998~2007, sample survey)",501Y022,027Y116,"12.2.5 성장성에 관한 지표(1998~2007, 표본조사)",,
"5.1.2.6. 성장성 지표(1990~1997, 표본조사)","5.1.2.6. Indicators concerning Growth(1990~1997, sample survey)",501Y023,027Y117,"12.2.6 성장성에 관한 지표(1990~1997, 표본조사)",,
5.1.3. 수익성 지표,5.1.3. Relationship Ratios of Income and Expenses,-,-,-,,
"5.1.3.1. 수익성 지표(제10차 한국표준산업분류, 2009~)","5.1.3.1. Relationship Ratios of Income and Expenses(10th revised KSIC, 2009~, complete enumeration)",501Y006,027Y618,"12.3.1 손익의 관계비율(제10차한국표준산업분류, 2009~, 전수조사)",,
"5.1.3.2. 수익성 지표(중소기업기본법, 2015~2016)","5.1.3.2. Relationship Ratios of Income and Expenses(Framework Act on SMEs, 2015~2016, complete enumeration)",501Y024,027Y518,"12.3.2 손익의 관계비율(중소기업기본법, 2015~2016, 전수조사)",,
"5.1.3.3. 수익성 지표(조세특례제한법, 2009~2014)","5.1.3.3. Relationship Ratios of Income and Expenses(The Restriction of Special Taxation Act, 2009~2014, complete enumeration)",501Y025,027Y418,"12.3.3 손익의 관계비율(조세특례제한법, 2009~2014, 전수조사)",,
"5.1.3.4. 수익성 지표(2007~2010, 표본조사)","5.1.3.4. Relationship Ratios of Income and Expenses(2007~2010, sample survey)",501Y026,027Y318,"12.3.4 손익의 관계비율(2007~2010, 표본조사)",,
"5.1.3.5. 수익성 지표(1998~2007, 표본조사)","5.1.3.5. Relationship Ratios of Income and Expenses(1998~2007, sample survey)",501Y027,027Y118,"12.3.5 손익의 관계비율(1998~2007, 표본조사)",,
"5.1.3.6. 수익성 지표(1990~1997, 표본조사)","5.1.3.6. Relationship Ratios of Income and Expenses(1990~1997, sample survey)",501Y028,027Y119,"12.3.6 손익의 관계비율(1990~1997, 표본조사)",,
5.1.4. 자산/자본 지표,"5.1.4. Relationship Ratios of Assets, Liabilities and Stockholder＇s Equity",-,-,-,,
"5.1.4.1. 자산/자본 지표(제10차 한국표준산업분류, 2009~)","5.1.4.1. Relationship Ratios of Assets, Liabilities and Stockholder＇s Equity(10th revised KSIC, 2009~, complete enumeration)",501Y007,027Y620,"12.4.1 자산·자본의 관계비율(제10차한국표준산업분류, 2009~, 전수조사)",,
"5.1.4.2. 자산/자본 지표(중소기업기본법, 2015~2016)","5.1.4.2. Relationship Ratios of Assets, Liabilities and Stockholder＇s Equity(Framework Act on SMEs, 2015~2016, complete enumeration)",501Y029,027Y520,"12.4.2 자산·자본의 관계비율(중소기업기본법, 2015~2016, 전수조사)",,
"5.1.4.3. 자산/자본 지표(조세특례제한법, 2009~2014)","5.1.4.3. Relationship Ratios of Assets, Liabilities and Stockholder＇s Equity(The Restriction of Special Taxation Act, 2009~2014, complete enumeration)",501Y030,027Y420,"12.4.3 자산·자본의 관계비율(조세특례제한법, 2009~2014, 전수조사)",,
"5.1.4.4. 자산/자본 지표(2007~2010, 표본조사)","5.1.4.4. Relationship Ratios of Assets, Liabilities and Stockholder＇s Equity(2007~2010, sample survey)",501Y031,027Y320,"12.4.4 자산·자본의 관계비율(2007~2010, 표본조사)",,
"5.1.4.5. 자산/자본 지표(1998~2007, 표본조사)","5.1.4.5. Relationship Ratios of Assets, Liabilities and Stockholder＇s Equity(1998~2007, sample survey)",501Y032,027Y120,"12.4.5 자산·자본의 관계비율(1998~2007, 표본조사)",,
"5.1.4.6. 자산/자본 지표(1990~1997, 표본조사)","5.1.4.6. Relationship Ratios of Assets, Liabilities and Stockholder＇s Equity(1990~1997, sample survey)",501Y033,027Y121,"12.4.6 자산·자본의 관계비율(1990~1997, 표본조사)",,
5.1.5. 자산/자본 회전율,"5.1.5. Turnover Ratios of Assets, Liabilities and Stockholder＇s Equity",-,-,-,,
"5.1.5.1. 자산/자본 회전율(제10차 한국표준산업분류, 2009~)","5.1.5.1. Turnover Ratios of Assets, Liabilities and Stockholder＇s Equity(10th revised KSIC, 2009~, complete enumeration)",501Y008,027Y622,"12.5.1 자산·자본의 회전율(제10차한국표준산업분류, 2009~, 전수조사)",,
"5.1.5.2. 자산/자본 회전율(중소기업기본법, 2015~2016)","5.1.5.2. Turnover Ratios of Assets, Liabilities and Stockholder＇s Equity(Framework Act on SMEs, 2015~2016, complete enumeration)",501Y034,027Y522,"12.5.2 자산·자본의 회전율(중소기업기본법, 2015~2016, 전수조사)",,
"5.1.5.3. 자산/자본 회전율(조세특례제한법, 2009~2014)","5.1.5.3. Turnover Ratios of Assets, Liabilities and Stockholder＇s Equity(The Restriction of Special Taxation Act, 2009~2014, complete enumeration)",501Y035,027Y422,"12.5.3 자산·자본의 회전율(조세특례제한법, 2009~2014, 전수조사)",,
"5.1.5.4. 자산/자본 회전율(2007~2010, 표본조사)","5.1.5.4. Turnover Ratios of Assets, Liabilities and Stockholder＇s Equity(2007~2010, sample survey)",501Y036,027Y322,"12.5.4 자산·자본의 회전율(2007~2010, 표본조사)",,
"5.1.5.5. 자산/자본 회전율(1998~2007, 표본조사)","5.1.5.5. Turnover Ratios of Assets, Liabilities and Stockholder＇s Equity(1998~2007, sample survey)",501Y037,027Y122,"12.5.5 자산·자본의 회전율(1998~2007, 표본조사)",,
"5.1.5.6. 자산/자본 회전율(1990~1997, 표본조사)","5.1.5.6. Turnover Ratios of Assets, Liabilities and Stockholder＇s Equity(1990~1997, sample survey)",501Y038,027Y123,"12.5.6 자산·자본의 회전율(1990~1997, 표본조사)",,
5.1.6. 생산성 지표,5.1.6. Indicators concerning Productivity,-,-,-,,
"5.1.6.1. 생산성 지표(제10차 한국표준산업분류, 2009~)","5.1.6.1. Indicators concerning Productivity(10th revised KSIC, 2009~, complete enumeration)",501Y009,027Y624,"12.6.1 생산성에 관한 지표(제10차한국표준산업분류, 2009~, 전수조사)",,
"5.1.6.2. 생산성 지표(중소기업기본법, 2015~2016)","5.1.6.2. Indicators concerning Productivity(Framework Act on SMEs, 2015~2016, complete enumeration)",501Y039,027Y524,"12.6.2 생산성에 관한 지표(중소기업기본법, 2015~2016, 전수조사)",,
"5.1.6.3. 생산성 지표(조세특례제한법, 2009~2014)","5.1.6.3. Indicators concerning Productivity(The Restriction of Special Taxation Act, 2009~2014, complete enumeration)",501Y040,027Y424,"12.6.3 생산성에 관한 지표(조세특례제한법, 2009~2014, 전수조사)",,
"5.1.6.4. 생산성 지표(2007~2010, 표본조사)","5.1.6.4. Indicators concerning Productivity(2007~2010, sample survey)",501Y041,027Y324,"12.6.4 생산성에 관한 지표(2007~2010, 표본조사)",,
"5.1.6.5. 생산성 지표(2002~2007, 표본조사)","5.1.6.5. Indicators concerning Productivity(2002~2007, sample survey)",501Y042,027Y124,"12.6.5 생산성에 관한 지표(2002~2007, 표본조사)",,
"5.1.6.6. 생산성 지표(1998~2006, 표본조사)","5.1.6.6. Indicators concerning Productivity(1998~2006, sample survey)",501Y043,027Y224,"12.6.6 생산성에 관한 지표(1998~2006, 표본조사)",,
"5.1.6.7. 생산성 지표(1990~1997, 표본조사)","5.1.6.7. Indicators concerning Productivity(1990~1997, sample survey)",501Y044,027Y125,"12.6.7 생산성에 관한 지표(1990~1997, 표본조사)",,
5.2. 기업경영분석지표(분기),5.2. Financial Statement Analysis(Quarterly),-,-,-,,
5.2.1. 성장성 지표,5.2.1. Indicators concerning Growth,502Y001,027Y215,12.15.1 성장성에 관한 지표,,
5.2.2. 수익성 지표,5.2.2. Relationship Ratios of Income and Expenses,502Y002,027Y216,12.15.2 손익의 관계비율,,
5.2.3. 자산/자본 지표,"5.2.3. Relationship Ratios of Assets, Liablitilies and Stockholders Equity",502Y003,027Y217,12.15.3 자산 자본의 관계비율,,
5.2.4. 자산 회전율,5.2.4. Turnover Ratios of Assets,502Y004,027Y218,12.15.4 자산의 회전율,,
5.3. 재무상태표(연),5.3. Balance Sheet,-,-,-,,
"5.3.1. 재무상태표(제10차 한국표준산업분류, 2009~)","5.3.1. Balance Sheet(10th revised KSIC, 2009~, complete enumeration)",501Y001,027Y601,"12.8.1 재무상태표(대차대조표)(제10차한국표준산업분류, 2009~, 전수조사)",,
"5.3.2. 재무상태표(중소기업기본법, 2015~2016)","5.3.2. Balance Sheet(Framework Act on SMEs, 2015~2016, complete enumeration)",501Y049,027Y501,"12.8.2 재무상태표(대차대조표)(중소기업기본법, 2015~2016, 전수조사)",,
"5.3.3. 재무상태표(조세특례제한법, 2009~2014)","5.3.3. Balance Sheet(The Restriction of Special Taxation Act, 2009~2014, complete enumeration)",501Y050,027Y401,"12.8.3 재무상태표(대차대조표)(조세특례제한법, 2009~2014, 전수조사)",,
"5.3.4. 재무상태표(2008~2010, 표본조사)","5.3.4. Balance Sheet(2008~2010, sample survey)",501Y051,027Y301,"12.8.4 재무상태표(대차대조표)(2008~2010, 표본조사)",,
"5.3.5. 재무상태표(2000~2007, 표본조사)","5.3.5. Balance Sheet(2000~2007, sample survey)",501Y052,027Y101,"12.8.5 재무상태표(대차대조표)(2000~2007, 표본조사)",,
"5.3.6. 재무상태표(1999, 표본조사)","5.3.6. Balance Sheet(1999, sample survey)",501Y053,027Y102,"12.8.6 재무상태표(대차대조표)(1999, 표본조사)",,
"5.3.7. 재무상태표(1997~1998, 표본조사)","5.3.7. Balance Sheet(1997~1998, sample survey)",501Y054,027Y103,"12.8.7 재무상태표(대차대조표)(1997~1998, 표본조사)",,
"5.3.8. 재무상태표(1990~1996, 표본조사)","5.3.8. Balance Sheet(1990~1996, sample survey)",501Y055,027Y104,"12.8.8 재무상태표(대차대조표)(1990~1996, 표본조사)",,
5.4. 손익계산서(연),5.4. Income Statement,-,-,-,,
"5.4.1. 손익계산서(제10차 한국표준산업분류, 2009~)","5.4.1. Income Statement(10th revised KSIC, 2009~, complete enumeration)",501Y002,027Y605,"12.9.1 손익계산서(제10차한국표준산업분류, 2009~, 전수조사)",,
"5.4.2. 손익계산서(중소기업기본법, 2015~2016)","5.4.2. Income Statement(Framework Act on SMEs, 2015~2016, complete enumeration)",501Y056,027Y505,"12.9.2 손익계산서(중소기업기본법, 2015~2016, 전수조사)",,
"5.4.3. 손익계산서(조세특례제한법, 2009~2014)","5.4.3. Income Statement(The Restriction of Special Taxation Act, 2009~2014, complete enumeration)",501Y057,027Y405,"12.9.3 손익계산서(조세특례제한법, 2009~2014, 전수조사)",,
"5.4.4. 손익계산서(2008~2010, 표본조사)","5.4.4. Income Statement(2008~2010, sample survey)",501Y058,027Y305,"12.9.4 손익계산서(2008~2010, 표본조사)",,
"5.4.5. 손익계산서(2000~2007, 표본조사)","5.4.5. Income Statement(2000~2007, sample survey)",501Y059,027Y105,"12.9.5 손익계산서(2000~2007, 표본조사)",,
"5.4.6. 손익계산서(1999, 표본조사)","5.4.6. Income Statement(1999, sample survey)",501Y060,027Y106,"12.9.6 손익계산서(1999, 표본조사)",,
"5.4.7. 손익계산서(1997~1998, 표본조사)","5.4.7. Income Statement(1997~1998, sample survey)",501Y061,027Y107,"12.9.7 손익계산서(1997~1998, 표본조사)",,
"5.4.8. 손익계산서(1990~1996, 표본조사)","5.4.8. Income Statement(1990~1996, sample survey)",501Y062,027Y108,"12.9.8 손익계산서(1990~1996, 표본조사)",,
5.5. 제조원가명세서(연),5.5. Statement of Cost of Goods Manufactured,-,-,-,,
"5.5.1. 제조원가명세서(제10차 한국표준산업분류, 2009~)","5.5.1. Statement of Cost of Goods Manufactured(10th revised KSIC, 2009~, complete enumeration)",501Y003,027Y609,"12.10.1 제조원가명세서(제10차한국표준산업분류, 2009~, 전수조사)",,
"5.5.2. 제조원가명세서(중소기업기본법, 2015~2016)","5.5.2. Statement of Cost of Goods Manufactured(Framework Act on SMEs, 2015~2016, complete enumeration)",501Y063,027Y509,"12.10.2 제조원가명세서(중소기업기본법, 2015~2016, 전수조사)",,
"5.5.3. 제조원가명세서(조세특례제한법, 2009~2014)","5.5.3. Statement of Cost of Goods Manufactured(The Restriction of Special Taxation Act, 2009~2014, complete enumeration)",501Y064,027Y409,"12.10.3 제조원가명세서(조세특례제한법, 2009~2014, 전수조사)",,
"5.5.4. 제조원가명세서(2007~2010, 표본조사)","5.5.4. Statement of Cost of Goods Manufactured(2007~2010, sample survey)",501Y065,027Y309,"12.10.4 제조원가명세서(2007~2010, 표본조사)",,
"5.5.5. 제조원가명세서(2000~2007, 표본조사)","5.5.5. Statement of Cost of Goods Manufactured(2000~2007, sample survey)",501Y066,027Y109,"12.10.5 제조원가명세서(2000~2007, 표본조사)",,
"5.5.6. 제조원가명세서(1990~1999, 표본조사)","5.5.6. Statement of Cost of Goods Manufactured(1990~1999, sample survey)",501Y067,027Y110,"12.10.6 제조원가명세서(1990~1999, 표본조사)",,
5.6. 이익잉여금 처분계산서(연),5.6. Statement of Appropriation of Retained Earnings,-,-,-,,
"5.6.1. 이익잉여금 처분계산서(제10차 한국표준산업분류, 2009~)","5.6.1. Statement of Appropriation of Retained Earnings(10th revised KSIC, 2009~, complete enumeration)",501Y004,027Y611,"12.11.1 이익잉여금처분계산서(제10차한국표준산업분류, 2009~, 전수조사)",,
"5.6.2. 이익잉여금 처분계산서(중소기업기본법, 2015~2016)","5.6.2. Statement of Appropriation of Retained Earnings(Framework Act on SMEs, 2015~2016, complete enumeration)",501Y068,027Y511,"12.11.2 이익잉여금처분계산서(중소기업기본법, 2015~2016, 전수조사)",,
"5.6.3. 이익잉여금 처분계산서(조세특례제한법, 2009~2014)","5.6.3. Statement of Appropriation of Retained Earnings(The Restriction of Special Taxation Act, 2009~2014, complete enumeration)",501Y069,027Y411,"12.11.3 이익잉여금처분계산서(조세특례제한법, 2009~2014, 전수조사)",,
"5.6.4. 이익잉여금 처분계산서(2007~2010, 표본조사)","5.6.4. Statement of Appropriation of Retained Earnings(2007~2010, sample survey)",501Y070,027Y311,"12.11.4 이익잉여금처분계산서(2007~2010, 표본조사)",,
"5.6.5. 이익잉여금 처분계산서(2000~2007, 표본조사)","5.6.5. Statement of Appropriation of Retained Earnings(2000~2007, sample survey)",501Y071,027Y111,"12.11.5 이익잉여금처분계산서(2000~2007, 표본조사)",,
"5.6.6. 이익잉여금 처분계산서(1990~1999, 표본조사)","5.6.6. Statement of Appropriation of Retained Earnings(1990~1999, sample survey)",501Y072,027Y112,"12.11.6 이익잉여금처분계산서(1990~1999, 표본조사)",,
5.7. 부가가치 구성(연),5.7. Composition of Cross Value Added,-,-,-,,
"5.7.1. 부가가치 구성(제10차 한국표준산업분류, 2009~)","5.7.1. Composition of Gross Value Added(10th revised KSIC, 2009~, complete enumeration)",501Y010,027Y626,"12.7.1 부가가치의 구성(제10차한국표준산업분류, 2009~, 전수조사)",,
"5.7.2. 부가가치 구성(중소기업기본법, 2015~2016)","5.7.2. Composition of Gross Value Added(Framework Act on SMEs, 2015~2016, complete enumeration)",501Y073,027Y526,"12.7.2 부가가치 구성(중소기업기본법, 2015~2016)",,
"5.7.3. 부가가치 구성((조세특례제한법, 2009~2014)","5.7.3. Composition of Gross Value Added(The Restriction of Special Taxation Act, 2009~2014, complete enumeration)",501Y074,027Y426,"12.7.3 부가가치의 구성(조세특례제한법, 2009~2014, 전수조사)",,
"5.7.4. 부가가치 구성(2007~2010, 표본조사)","5.7.4. Composition of Gross Value Added(2007~2010, sample survey)",501Y075,027Y326,"12.7.4 부가가치의 구성(2007~2010, 표본조사)",,
"5.7.5. 부가가치 구성(2002~2007, 표본조사)","5.7.5. Composition of Gross Value Added(2002~2007, sample survey)",501Y076,027Y126,"12.7.5 부가가치의 구성(2002~2007, 표본조사)",,
"5.7.6. 부가가치 구성(1998~2006, 표본조사)","5.7.6. Composition of Gross Value Added(1998~2006, sample survey)",501Y077,027Y226,"12.7.6 부가가치의 구성(1998~2006, 표본조사)",,
"5.7.7. 부가가치 구성(1990~1997, 표본조사)","5.7.7. Composition of Gross Value Added(1990~1997, sample survey)",501Y078,027Y127,"12.7.7 부가가치의 구성(1990~1997, 표본조사)",,
5.8. 현금흐름표(연),5.8. Statement of Cash Flow,-,-,-,,
5.8.1. 현금흐름표,5.8.1. Statement of Cash Flow,-,-,-,,
5.8.1.1. 현금흐름표(2012~),5.8.1.1. Statement of Cash Flow(2012~),501Y013,027Y413,12.12.1 현금흐름표(2012~),,
5.8.1.2. 현금흐름표(2008~2011),5.8.1.2. Statement of Cash Flow(2008~2011),501Y079,027Y313,12.12.2 현금흐름표(2008~2011),,
5.8.1.3. 현금흐름표(1995~2007),5.8.1.3. Statement of Cash Flow(1995~2007),501Y080,027Y113,12.12.3 현금흐름표(1995~2007),,
5.8.2. 현금흐름관련 기타 주요 재무항목,5.8.2. Other Major Financial Items,-,-,-,,
5.8.2.1. 현금흐름관련 기타 주요 재무항목(2012~),5.8.2.1. Other Major Financial Items(2012~),501Y014,027Y414,12.13.1 현금흐름관련기타주요재무항목(2012~),,
5.8.2.2. 현금흐름관련 기타 주요 재무항목(2008~2011),5.8.2.2. Other Major Financial Items(2008~2011),501Y081,027Y314,12.13.2 현금흐름관련기타주요재무항목(2008~2011),,
5.8.2.3. 현금흐름관련 기타 주요 재무항목(1995~2007),5.8.2.3. Other Major Financial Items(1995~2007),501Y082,027Y114,12.13.3 현금흐름관련기타주요재무항목(1995~2007),,
5.8.3. 현금흐름비율,5.8.3. Cash Flow Ratios,-,-,-,,
5.8.3.1. 현금흐름비율(2012~),5.8.3.1. Cash Flow Ratios(2012~),501Y015,027Y415,12.14.1 현금흐름비율(2012~),,
5.8.3.2. 현금흐름비율(2008~2011),5.8.3.2. Cash Flow Ratios(2008~2011),501Y083,027Y315,12.14.2 현금흐름비율(2008~2011),,
5.8.3.3. 현금흐름비율(1995~2007),5.8.3.3. Cash Flow Ratios(1995~2007),501Y084,027Y115,12.14.3 현금흐름비율(1995~2007),,
5.9. 분위수(연),5.9. FSA Quartiles Statistics,-,-,-,,
"5.9.1. 분위수(제10차 한국표준산업분류, 2013~)","5.9.1. FSA Quartiles Statistics(10th revised KSIC, 2013~, complete enumeration)",501Y016,027Y612,"12.16.1 기업경영분석 분위수(제10차한국표준산업분류, 2013~)",,
5.9.2. 분위수(2013~2016),5.9.2. FSA Quartiles Statistics,501Y085,027Y240,12.16.2 기업경영분석 분위수(2013~2016),,
5.10. 지역별 기업경영분석,5.10. Financial Statement Analysis(Regional),-,-,-,,
5.10.1. 기업경영분석(10차한국표준산업분류),5.10.1. Indicators concerning Growth,-,-,-,,
5.10.1.1. 성장성 지표,5.10.1.1. Indicators concerning Growth(the 10th revised KSIC),503Y005,BA9(~UA9)Y616,12.17.1.1.1. 성장성에 관한 지표,Y,항목그룹신규
5.10.1.2. 수익성 지표,5.10.1.2. Relationship Ratios of Income and Expenses(the 10th revised KSIC),503Y006,BA9(~UA9)Y618,12.17.1.1.2. 손익의관계비율,Y,항목그룹신규
5.10.1.3. 자산/자본 지표,"5.10.1.3. Relationship Ratios of Assets, Liabilities and Stockholder's equity(the 10th revised KSIC)",503Y007,BA9(~UA9)Y620,12.17.1.1.3. 자산·자본의관계비율,Y,항목그룹신규
5.10.1.4. 자산/자본 회전율,"5.10.1.4. Turnover Ratios of Assets, Liabilities and Stockholder's Equity(the 10th revised KSIC)",503Y008,BA9(~UA9)Y622,12.17.1.1.4. 자산·자본의회전율,Y,항목그룹신규
5.10.1.5. 생산성 지표,5.10.1.5. Indicators concerning Productivity(the 10th revised KSIC),503Y009,BA9(~UA9)Y624,12.17.1.1.5. 생산성에관한지표,Y,항목그룹신규
5.10.1.6. 부가가치 구성,5.10.1.6. Composition of Gross Value Added(the 10th revised KSIC),503Y010,BA9(~UA9)Y626,12.17.1.1.6. 부가가치의 구성,Y,항목그룹신규
5.10.1.7. 재무상태표,"5.10.1.7. Balance Sheet(10th revised KSIC, 2009~, complete enumeration)",503Y001,BA9(~UA9)Y601,12.17.1.1.7. 재무상태표(대차대조표),Y,항목그룹신규
5.10.1.8. 손익계산서,"5.10.1.8. Income Statement(10th revised KSIC, complete enumeration)",503Y002,BA9(~UA9)Y605,12.17.1.1.8. 손익계산서,Y,항목그룹신규
5.10.1.9. 제조원가명세서,"5.10.1.9. Statement of Cost of Goods Manufactured(10th revised KSIC, 2009~, complete enumeration)",503Y003,BA9(~UA9)Y609,12.17.1.1.9. 제조원가명세서,Y,항목그룹신규
5.10.1.10. 이익잉여금 처분계산서,"5.10.1.10. Statement of Appropriation of Retained Earnings(10th revised KSIC, 2009~, complete enumeration)",503Y004,BA9(~UA9)Y611,12.17.1.1.10. 이익잉여금 처분계산서,Y,항목그룹신규
5.10.2. 기업경영분석(9차한국표준산업분류),5.10.2. Relationship Ratios of Income and Expenses,-,-,-,,
5.10.2.1. 성장성 지표,5.10.2.1. Indicators concerning Growth(the 9th revised KSIC),503Y019,BA9(~UA9)Y516,12.17.2.1.1. 성장성에 관한 지표,Y,항목그룹신규
5.10.2.2. 수익성 지표,5.10.2.2. Relationship Ratios of Income and Expenses(the 9th revised KSIC),503Y024,BA9(~UA9)Y518,12.17.2.1.2. 손익의관계비율,Y,항목그룹신규
5.10.2.3. 자산/자본 지표,"5.10.2.3. Relationship Ratios of Assets, Liabilities and Stockholder's equity(the 9th revised KSIC)",503Y029,BA9(~UA9)Y520,12.17.2.1.3. 자산·자본의관계비율,Y,항목그룹신규
5.10.2.4. 자산/자본 회전율,"5.10.2.4. Turnover Ratios of Assets, Liabilities and Stockholder's Equity(the 9th revised KSIC)",503Y034,BA9(~UA9)Y522,12.17.2.1.4. 자산·자본의회전율,Y,항목그룹신규
5.10.2.5. 생산성 지표,"5.10.2.5. Indicators concerning Productivity(Framework Act on SMEs, 2015~2016, complete enumeration)",503Y039,BA9(~UA9)Y524,12.17.2.1.5. 생산성에관한지표,Y,항목그룹신규
5.10.2.6. 부가가치 구성,"5.10.2.6. Composition of Gross Value Added(Framework Act on SMEs, 2015~2016, complete enumeration)",503Y073,BA9(~UA9)Y526,12.17.2.1.6. 부가가치의 구성,Y,항목그룹신규
5.10.2.7. 재무상태표,5.10.2.7. Balance Sheet(the 9th revised KSIC),503Y049,BA9(~UA9)Y501,12.17.2.1.7. 재무상태표(대차대조표),Y,항목그룹신규
5.10.2.8. 손익계산서,5.10.2.8. Income Statement(the 9th revised KSIC),503Y056,BA9(~UA9)Y505,12.17.2.1.8. 손익계산서,Y,항목그룹신규
5.10.2.9. 제조원가명세서,5.10.2.9. Statement of Cost of Goods Manufactured(the 9th revised KSIC),503Y063,BA9(~UA9)Y509,12.17.2.1.9. 제조원가명세서,Y,항목그룹신규
5.10.2.10. 이익잉여금 처분계산서,5.10.2.10. Statement of Appropriation of Retained Earnings(the 9th revised KSIC),503Y068,BA9(~UA9)Y511,12.17.2.1.10. 이익잉여금 처분계산서,Y,항목그룹신규
6. 심리지수,6. BSI/CSI/Survey on Lending Practices,-,-,-,,
6.1. 기업경기실사지수,6.1. Business Survey Index,-,-,-,,
6.1.1. 기업경기실사지수,6.1.1. Business Survey Index,-,-,-,,
6.1.1.1. 기업경기실사지수(실적),6.1.1.1. National Tendency,512Y013,041Y013,9.1.1.1 전국실적,,
6.1.1.2. 기업경기실사지수(전망),6.1.1.2. National Future Tendency,512Y014,041Y014,9.1.1.2 전국전망,,
6.1.1.3. 기업경기실사지수(매출액가중 실적),6.1.1.3. (size weighted)National Tendency,512Y015,041Y015,9.1.1.3 (매출액가중)전국실적,,
6.1.1.4. 기업경기실사지수(매출액가중 전망),6.1.1.4. (size weighted)National Future Tendency,512Y016,041Y016,9.1.1.4 (매출액가중)전국전망,Y,통계항목변경
6.1.1.5. 기업경기실사지수((구)실적(~2012.6)),6.1.1.5. (discontinued series)National Tendency,512Y017,041Y017,9.1.1.5 (구)전국실적(~2012.6),,
6.1.1.6. 기업경기실사지수((구)전망(~2012.7)),6.1.1.6. (discontinued series)National Future Tendency,512Y018,041Y018,9.1.1.6 (구)전국전망(~2012.7),,
"6.1.2. 업종별 기업경기실사지수, 2009.8~","6.1.2. Business Survey Index by Sector(BOK, National)(~2009.8)",-,-,-,,
"6.1.2.1. 업종별 기업경기실사지수, 2009.8~(실적)",6.1.2.1. National Tendency(~2009.7),512Y007,041Y007,9.1.3.1 전국실적(2009.8~),Y,통계항목변경
"6.1.2.2. 업종별 기업경기실사지수, 2009.8~(전망)",6.1.2.2. National Future Tendency(~2009.8),512Y008,041Y008,9.1.3.2 전국전망(2009.9~),Y,통계항목변경
"6.1.3. 업종별 기업경기실사지수, ~2009.8","6.1.3. Business Survey Index by Sector(BOK, National)(2009.8~)",-,-,-,,
"6.1.3.1. 업종별 기업경기실사지수, ~2009.8(실적)",6.1.3.1. National Tendency(2009.8~),512Y001,041Y001,9.1.2.1 전국실적(~2009.7),,
"6.1.3.2. 업종별 기업경기실사지수, ~2009.8(전망)",6.1.3.2. National Future Tendency(2009.9~),512Y002,041Y002,9.1.2.2 전국전망(~2009.8),,
6.1.4. 지역별 기업경기실사지수,6.1.4. Business Survey Index(Regional),-,-,-,,
6.1.4.1. 지역별 기업경기실사지수(실적(2013.1~)),6.1.4.1. Tendency(Regional)(2013.1~),512Y019,041Y019,9.1.4.1 실적(지역본부)(2013.1~),Y,통계항목변경
6.1.4.2. 지역별 기업경기실사지수(전망(2013.2~)),6.1.4.2. Future Tendency(Regional)(2013.2~),512Y020,041Y020,9.1.4.2 전망(지역본부)(2013.2~),Y,통계항목변경
6.1.4.3. 지역별 기업경기실사지수(실적(~2012.12)),6.1.4.3. Tendency(Regional)(~2012.12),512Y011,041Y011,9.1.4.3 실적(지역본부)(~2012.12),Y,통계항목변경
6.1.4.4. 지역별 기업경기실사지수(전망(~2013.1)),6.1.4.4. Future Tendency(Regional)(~2013.1),512Y012,041Y012,9.1.4.4 전망(지역본부)(~2013.1),Y,통계항목변경
6.2. 소비자동향조사,6.2. Consumer Survey Index,-,-,-,,
"6.2.1. 소비자동향조사(전국, 월, 2008.9~)","6.2.1. Consumer Survey Index(BOK,National)(Monthly)(2008.9~)",511Y002,040Y002,"9.2.1 소비자동향조사(한국은행,<br>전국)(월)(2008년9월~)",,
"6.2.2. 소비자동향조사(전국, 분기, 1995.3/4~2008.2/4)","6.2.2. Consumer Survey Index(BOK, National)(Quarterly)(1995.3/4~2008.2/4)",511Y001,040Y001,"9.2.2 소비자동향조사(한국은행,<br>전국)(분기)(1995년 3분기<br>~2008년 2분기)",,
"6.2.3. 기대인플레이션율(전국, 월)",6.2.3. Consumer Survey Index(ExpectedInflation)(National),511Y003,040Y003,"9.2.3 기대인플레이션율<br>(한국은행, 전국)(월)",,
"6.2.4. 소비자동향조사(지역, 월)","6.2.4. Consumer Survey Index(BOK,Regional)(Monthly)",511Y004,040Y004,"9.2.4 소비자동향조사(한국은행,지역)(월)",Y,통계항목변경
6.3. 경제심리지수,6.3. Economic Sentiment Index,513Y001,042Y001,9.3. 경제심리지수,,
6.4. 뉴스심리지수(실험적 통계),6.4. News Sentiment Index,521Y001,113Y001,9.4. 뉴스심리지수(실험적 통계),,
6.5. 대출행태서베이,6.5. .Survey on Lending Practices,-,-,-,,
6.5.1. 대출행태서베이(대출태도),6.5.1. Lending attitude,514Y001,093Y001,15.1.대출태도,,
6.5.2. 대출행태서베이(신용위험),6.5.2. Credit risks,514Y002,093Y002,15.2.신용위험,,
6.5.3. 대출행태서베이(대출수요),6.5.3. Demand for loans,514Y003,093Y003,15.3.대출수요,,
7. 지급결제,7. Payments Systems,-,-,-,,
7.1. 어음교환 및 부도,7.1. Cleared and Dishonored Checks and Bills,-,-,-,,
7.1.1. 어음교환 및 부도,7.1.1. Check Clearing System,801Y002,028Y102,5.1.1 어음교환 및 부도,Y,통계항목변경
7.1.2. 지역별 어음부도율,7.1.2. Dishonored Ratios by Province,801Y003,028Y110,5.1.2 지역별 어음부도율,,
7.2. 한은금융망 통계,7.2. BOK-Wire,-,-,-,,
7.2.1. 한은금융망,7.2.1. BOK-Wire,606Y002,028Y105,5.2.한은금융망,,
7.2.2. 회계결제시스템 통계,7.2.2. Daily BOK-Wire Statistics,-,-,-,,
7.2.2.1. 한은금융망결제통계표,7.2.2.1. Payments through BOK-Wire,603Y001,043Y055,5.7.1 한은금융망결제통계표,,
7.2.2.2. 지급결제동향,7.2.2.2. Daily Trends of Payments and Settlement,603Y010,043Y057,5.7.2 지급결제동향,,
7.3. 지로시스템 및 금융공동망,7.3. Bank Giro and Other Payment Systems,-,-,-,,
7.3.1. 지로시스템,7.3.1. Bank Giro,604Y003,028Y103,5.3.지로시스템,Y,통계항목변경
7.3.2. 금융공동망,7.3.2. Other Payment Systems,605Y012,028Y104,5.4.금융공동망,Y,통계항목변경
7.4. BIS기준통계,7.4. Statistics by BIS Standard,-,-,-,,
7.4.1. 결제시스템별 통계,7.4.1. Statistics by Payment System,602Y001,043Y050,5.5.1 결제시스템별 통계,,
7.4.2. 지급수단별 통계,7.4.2. Statistics by Payment Instrument,602Y002,043Y051,5.5.2 지급수단별 통계,,
7.5. 신용카드,7.5. Credit Cards Statistics,-,-,-,,
7.5.1. 신용카드,7.5.1. Credit Cards,601Y003,043Y013,5.8.1 신용카드,,
7.5.2. 지역별 소비유형별 개인 신용카드,7.5.2. Personal Credit Card Payments by Region and Consumption Type,601Y002,043Y070,5.8.2 지역별 소비유형별 개인 신용카드,,
7.5.3. 가맹점(여신금융협회),7.5.3. Merchants,601Y004,043Y071,5.8.3 가맹점(여신금융협회),,
7.6. 전자금융통계/금융정보화통계,7.6. Electronic Banking and Financial Informatization Statistics,-,-,-,,
7.6.1. 전자금융통계,7.6.1. Electronic Banking,-,-,-,,
7.6.1.1. 인터넷뱅킹,7.6.1.1. Internet Banking,631Y001,043Y052,5.6.1 인터넷뱅킹,,
7.6.1.2. 전자어음,7.6.1.2. Electronic Bills,632Y001,043Y053,5.6.2 전자어음,,
7.6.1.3. 전자화폐,7.6.1.3. E - Money,633Y001,043Y054,5.6.3 전자화폐,,
7.6.1.4. 전자지급서비스,7.6.1.4. Electronic Payment Service,-,-,-,,
7.6.1.4.1. 전자지급결제대행,7.6.1.4.1. Payment Gateway(PG),633Y002,043Y064,5.6.4.1 전자지급결제대행,,
7.6.1.4.2. 결제대금예치,7.6.1.4.2. Escrow,633Y003,043Y065,5.6.4.2 결제대금예치,,
7.6.1.4.3. 선불전자지급수단,7.6.1.4.3. Electronic Pre-paid Payment Instruments,633Y004,043Y066,5.6.4.3 선불전자지급수단,,
7.6.1.4.4. 전자고지결제,7.6.1.4.4. Electronic Bill Presentment and Payment(EBPP),633Y005,043Y067,5.6.4.4 전자고지결제,,
7.6.1.4.5. 직불전자지급수단,7.6.1.4.5. Electronic Debit Payment Instruments,633Y006,043Y068,5.6.4.5 직불전자지급수단,,
7.6.2. 금융정보화 통계,7.6.2. Financial Informatization Statistics,-,-,-,,
7.6.2.1. 은행,7.6.2.1. Banks,-,-,-,,
7.6.2.1.1. 전산직원 현황,7.6.2.1.1. Computerized Employee Status,621Y001,106Y001,5.9.1.1 전산직원 현황,,
7.6.2.1.2. 전산사무기기 현황,7.6.2.1.2. Computerized office equipment Status,621Y002,106Y002,5.9.1.2 전산사무기기 현황,,
7.6.2.1.3. 전산예산현황,7.6.2.1.3. Computational Budget Status,621Y003,106Y003,5.9.1.3 전산예산현황,,
7.6.2.1.4. 전자금융서비스현황,7.6.2.1.4. Electronic Banking Service Status,621Y004,106Y004,5.9.1.4 전자금융서비스현황,,
7.6.2.1.5. CD/ATM 현황,7.6.2.1.5. CD/ATM Status,621Y005,106Y005,5.9.1.5 CD/ATM 현황,,
7.6.2.1.6. 직불카드 발급 및 이용현황,7.6.2.1.6. FET/POS Card and Usage,621Y006,106Y006,5.9.1.6 직불카드 발급 및 이용현황,,
7.6.2.1.7. 체크카드 발급 및 이용현황,7.6.2.1.7. Check Card Issuance and Usage,621Y007,106Y007,5.9.1.7 체크카드 발급 및 이용현황,,
7.6.2.1.8. 금융공동망현황,7.6.2.1.8. Banking Network Status,621Y008,106Y008,5.9.1.8 금융공동망현황,,
7.6.2.1.9. 금융공동망의 외부정보망과의 접속현황,7.6.2.1.9. Connection with External Information Network of Banking Network,621Y009,106Y009,5.9.1.9 금융공동망의 외부정보망과의 접속현황,,
7.6.2.2. 증권,7.6.2.2. Securities,-,-,-,,
7.6.2.2.1. 전산직원 현황,7.6.2.2.1. Computerized Employee Status,621Y010,106Y101,5.9.2.1 전산직원 현황,,
7.6.2.2.2. 전산사무기기현황,7.6.2.2.2. Computerized office equipment Status,621Y011,106Y102,5.9.2.2 전산사무기기현황,,
7.6.2.2.3. 전산예산현황,7.6.2.2.3. Computational Budget Status,621Y012,106Y103,5.9.2.3 전산예산현황,,
7.6.2.2.4. 전자금융서비스현황,7.6.2.2.4. Electronic Banking Service Status,621Y013,106Y104,5.9.2.4 전자금융서비스현황,,
7.6.2.2.5. 자체 CD/ATM,7.6.2.2.5. Own CD/ATM Status,621Y014,106Y105,5.9.2.5 자체 CD/ATM,,
7.6.2.2.6. 증권정보망,7.6.2.2.6. Securities Network,621Y015,106Y106,5.9.2.6 증권정보망,,
7.6.2.3. 보험,7.6.2.3. Insurance Instituitons,-,-,-,,
7.6.2.3.1. 전산직원현황,7.6.2.3.1. Computerized Employee Status,621Y016,106Y201,5.9.3.1 전산직원현황,,
7.6.2.3.2. 전산사무기기현황,7.6.2.3.2. Computerized office equipment Status,621Y017,106Y202,5.9.3.2 전산사무기기현황,,
7.6.2.3.3. 전산예산현황,7.6.2.3.3. Computational Budget Status,621Y018,106Y203,5.9.3.3 전산예산현황,,
7.6.2.3.4. 전자금융서비스현황,7.6.2.3.4. Electronic Banking Service Status,621Y019,106Y204,5.9.3.4 전자금융서비스현황,,
7.6.2.3.5. 공동이용시스템이용실적,7.6.2.3.5. Joint-use System,621Y020,106Y205,5.9.3.5 공동이용시스템이용실적,,
7.6.2.4. 기타,7.6.2.4. Other Financial Institutions,-,-,-,,
7.6.2.4.1. 전산직원현황,7.6.2.4.1. Computerized Employee Status,621Y021,106Y301,5.9.4.1 전산직원현황,,
7.6.2.4.2. 전산사무기기현황,7.6.2.4.2. Computerized office equipment Status,621Y022,106Y302,5.9.4.2 전산사무기기현황,,
7.6.2.4.3. 전산예산현황,7.6.2.4.3. Computational Budget Status,621Y023,106Y303,5.9.4.3 전산예산현황,,
8. 산업/기타,"8. Industry, Employment and other Statistics of Domestic and Foreign Countries",-,-,-,,
8.1. 경제일반/경기,8.1. General Industry,-,-,-,,
8.1.1. 산업별 사업체수/종사자수,8.1.1. Number of Establishments and Workers by Industry,901Y085,085Y058,16.1.1 산업별 사업체수 및 종사자수,,
8.1.2. 경기종합지수,8.1.2. Composite Index of Business Indicators,901Y067,085Y026,16.1.4 경기종합지수,,
8.1.3. 설비투자지수,8.1.3. Estimation Index of Equipment Investment,901Y066,085Y025,16.1.3 설비투자지수,,
8.1.4. 전산업생산지수(농림어업제외),8.1.4. Index of all industry production,901Y033,080Y102,16.1.2 전산업생산지수(농림어업제외),,
8.2. 농림어업,"8.2. Agriculture, Forestry and Fishing",-,-,-,,
8.2.1. 농어가 인구/가구수,8.2.1. Households and Population of Farm and Fishery,901Y068,085Y027,16.2.3 농어가인구 및 가구수,,
8.2.2. 농림생산지수,"8.2.2. Production Index of Agriculture, Forestry",901Y016,080Y007,16.2.1 농림생산지수,,
8.2.3. 경지면적,8.2.3. Cultivated Land Area,901Y069,085Y028,16.2.4 경지면적,,
8.2.4. 어획량,8.2.4. Production by Fisheries and Group of Species,901Y017,080Y009,16.2.2 어획량,,
8.2.5. 농어가 자산 및 부채,8.2.5. ,901Y070,085Y029,16.2.5 농어가 자산 및 부채,,
8.3. 광업/제조업,8.3. Mining and Manufacturing,-,-,-,,
8.3.1. 산업별 생산/출하/재고 지수,8.3.1. Index of mining and manufacturing industrial product,901Y032,080Y101,16.3.1 산업별 광공업생산지수,,
8.3.2. 재별 제조업생산지수,8.3.2. Production Index of Manufactruing by Product Group,901Y034,080Y110,16.3.2 재별 제조업생산지수,,
8.3.3. 설비용 기계류 생산지수,8.3.3. Machinery production index,901Y036,080Y115,16.3.5 설비용 기계류 생산지수,,
8.3.4. 품목별 광공업 생산_출하_재고_내수_수출량,"8.3.4. Volume of Production, Shipment, Inventory, Domestic Demand and Exports",901Y039,080Y132,16.3.7 품목별 광공업 생산ㆍ출하ㆍ재고ㆍ내수ㆍ수출량,,
8.3.5. 제조업 재고율,8.3.5. Index of Inventory Turnover Ratio,901Y026,080Y033,16.3.8 제조업 재고율,,
8.3.6. 제조업 생산능력 및 가동률 지수,8.3.6. Index of Manufacturing Production Capacity/Manufacturing Capacity Utilization Rate,901Y035,080Y111,16.3.3 제조업 생산능력 및 가동률지수,,
8.3.7. 제조업 평균가동률,8.3.7. Manufacturing Average Capacity Utilization Rate,901Y025,080Y031,16.3.4 제조업 평균가동률,,
8.3.8. 기계수주액,8.3.8. Value of Machinery Orders Received,901Y018,080Y015,16.3.6 기계수주,,
8.4. 건설/에너지,8.4. Electricity/Gas/Water/Construction,-,-,-,,
8.4.1. 국내건설수주액,8.4.1. Value of Domestic Construction Orders Received,901Y020,080Y017,16.4.5 건설수주액,,
8.4.2. 건설기성액,8.4.2. Value of Construction Completed,901Y104,085Y137,16.4.8 건설기성액,,
8.4.3. 건축물착공현황,8.4.3. Results of Construction Start,901Y103,085Y136,16.4.7 건축물착공현황,,
8.4.4. 건축허가현황,8.4.4. Construction Permit,901Y037,080Y118,16.4.6 건축허가현황,,
8.4.5. 미분양주택현황,8.4.5. Number of Unsold Houses in Lots,901Y074,085Y039,16.4.11 미분양주택현황,,
8.4.6. 주택건설인허가실적,8.4.6. Housing construction permits,901Y105,085Y138,16.4.9 주택건설인허가실적,,
8.4.7. 주택보유수/주택보급률,8.4.7. Housing Supplies Ratio,901Y106,085Y139,16.4.10 주택보급률,,
8.4.8. 발전전력량,8.4.8. Generation of Electric Power,901Y071,085Y033,16.4.2 발전전력량,,
8.4.9. 부문별전력사용량,8.4.9. Consumption of Electric Power by Sector,901Y019,080Y016,16.4.1 부문별전력사용량,,
8.4.10. 에너지소비량,8.4.10. Energy Consumption,901Y072,085Y034,16.4.3 에너지소비량,,
8.4.11. 석유제품수급,8.4.11. Supply and Demand of Petroleum Products,901Y073,085Y035,16.4.4 석유제품수급,,
8.5. 서비스업,8.5. Service,-,-,-,,
8.5.1. 산업별 서비스업생산지수,8.5.1. Service Industry Activities Index,901Y038,080Y119,16.5.1 산업별 서비스업생산지수,,
8.5.2. 재별 및 상품군별 판매액지수,8.5.2. Sales Index by Product Group,901Y100,085Y076,16.5.3 재별 및 상품군별 판매액지수,,
8.5.3. 소매업태별 판매액지수,8.5.3. Sales Index by Retail Business Type,901Y098,085Y074,16.5.2 소매업태별 판매액지수,,
8.5.4. 도소매업 재고액지수,8.5.4. Wholesale and Retail Inventory Index by Industry,901Y101,085Y077,16.5.4 도소매업 재고액지수,,
8.5.5. 여객수송실적,8.5.5. Passenger Transport,901Y108,085Y040,16.5.6 여객수송실적,,
8.5.6. 자동차등록대수,8.5.6. Number of Registerd Motor Vehicles,901Y099,085Y075,16.5.7 자동차등록대수,,
8.5.7. 정보통신서비스 이용실적,8.5.7. Information-Communication Service Use,901Y075,085Y043,16.5.8 정보통신서비스 이용실적,,
8.5.8. 소비재 수입액,8.5.8. Value of Consumer Goods Imports,901Y092,085Y068,16.5.5 소비재 수입액,,
8.6. 인구/노동/가계,"8.6. Employment, Wages and Household Economy",-,-,-,,
8.6.1. 추계인구/고령인구비율/합계출산율,8.6.1. Projected Population,901Y028,080Y035,"16.6.2 추계인구, 고령인구비율, 합계출산율",,
8.6.2. 경제활동인구,8.6.2. Summary of Economically Active Pop.,901Y027,080Y034,16.6.1 경제활동인구,,
8.6.3. 직종별평균임금,8.6.3. Average Wage by Occupation,901Y086,085Y061,16.6.7 직종별평균임금,,
8.6.4. 산업/규모별 임금 및 근로시간,"8.6.4. Days Worked, Hours Worked, Wages by Industry",901Y052,080Y147,16.6.6 산업/규모별 임금 및 근로시간,,
8.6.5. 노동생산성지수,8.6.5. Index of Labor Porductivity,901Y107,085Y162,16.6.8 노동생산성지수,,
8.6.6. 단위노동비용지수,"8.6.6. Days Worked, Hours Worked, Wages by Industry",901Y088,085Y063,16.6.9 단위노동비용지수,,
8.6.7. 시간당 명목임금지수,8.6.7. Unit Labor Cost Index,901Y102,085Y090,16.6.10 시간당 명목임금지수,,
8.6.8. 고용보험가입현황,8.6.8. Number of Workers Applied Employment Insurance,901Y083,085Y056,16.6.3 고용보험가입현황,,
8.6.9. 실업급여수급실적,8.6.9. Unemplyment Allowance Received,901Y084,085Y057,16.6.5 실업급여수급실적,,
8.6.10. 소득분배지표,8.6.10. The Index of Income Distribution,901Y031,080Y038,16.6.13 소득분배지표,,
"8.6.11. 가구당 월평균 가계수지(전국, 1인이상)",8.6.11. Average Monthly Income & Expenditure (Whole excl.1 Person and Farm),901Y050,080Y137,"16.6.12 가구당 월평균 가계수지(전국, 1인이상)",,
"8.6.12. 가구당 월평균 가계수지(전국, 2인이상)",8.6.12. Average Monthly Income & Expenditure (Whole Households),901Y040,080Y136,"16.6.11 가구당 월평균 가계수지(전국, 2인이상)",,
8.6.13. 농가가계수지,8.6.13. Income and Expenditure of Farm Households,901Y024,080Y030,16.6.4 농가가계수지,,
9. 해외/북한,9. Foreign Countries/North Korea,-,-,-,,
9.1. 주요국제통계,9.1. International Key Statistics,-,-,-,,
9.1.1. 통화·금융,9.1.1. Monetary Aggregates & Policy Rate,-,-,-,,
9.1.1.1. 국제 주요국 본원통화,9.1.1.1. Monetary base,902Y004,I10Y011,18.1.1.1 본원통화,,
9.1.1.2. 국제 주요국 광의통화,9.1.1.2. Broad Money,902Y005,I10Y013,18.1.1.2 광의통화,,
9.1.1.3. 국제 주요국 중앙은행 정책금리,9.1.1.3. Central Bank Policy Rate,902Y006,I10Y014,18.1.1.3 중앙은행 정책금리,,
9.1.2. 물가,9.1.2. Prices,-,-,-,,
9.1.2.1. 국제 주요국 생산자물가지수,9.1.2.1. Producer Price indices,902Y007,I10Y021,18.1.2.1 생산자물가지수,,
9.1.2.2. 국제 주요국 소비자물가지수,9.1.2.2. Consumer Price indices,902Y008,I10Y022,18.1.2.2 소비자물가지수,,
9.1.3. 국제수지/외환,9.1.3. Balance of Payments/Trade/Foreign Reserve,-,-,-,,
9.1.3.1. 국제 주요국 경상수지,"9.1.3.1. Current Account, Total, Net, US Dollars",902Y009,I10Y031,18.1.3.1 경상수지,,
9.1.3.2. 국제 주요국 상품수지,"9.1.3.2. Current Account, Goods and Services, Goods, Net, US Dollars",902Y010,I10Y032,18.1.3.2 상품수지,,
9.1.3.3. 국제 주요국 서비스수지,"9.1.3.3. Current Account, Goods and Services, Services, Net, US Dollars",902Y011,I10Y033,18.1.3.3 서비스수지,,
9.1.3.4. 국제 주요국 수출(통관기준),"9.1.3.4. Goods, Value of Exports, Free on board (FOB), US Dollars",902Y012,I10Y034,18.1.3.4 수출(통관기준),,
9.1.3.5. 국제 주요국 수입(통관기준),"9.1.3.5. Goods, Value of Imports, Cost, Insurance, Freight (CIF), US Dollars",902Y013,I10Y035,18.1.3.5 수입(통관기준),,
9.1.3.6. 국제 주요국 외환보유액,"9.1.3.6. Official Reserve Assets, US Dollars",902Y014,I10Y036,18.1.3.6 외환보유액,,
9.1.4. 국민소득,9.1.4. GDP/GNI,-,-,-,,
9.1.4.1. 국제 주요국 경제성장률,9.1.4.1. Growth Rate of GDP,902Y015,I10Y041,18.1.4.1 경제성장률,,
9.1.4.2. 국제 주요국 국내총생산(GDP),9.1.4.2. GDP,902Y016,I10Y042,18.1.4.2 국내총생산(GDP),,
9.1.4.3. 국제 주요국 국내총생산(PPP적용),9.1.4.3. Gross domestic product(PPPs),902Y019,I10Y047,18.1.4.3 국내총생산(PPP적용),,
9.1.4.4. 국제 주요국 국민총소득(GNI),9.1.4.4. GNI,902Y017,I10Y043,18.1.4.4 국민총소득(GNI),,
9.1.4.5. 국제 주요국 1인당 GDP,9.1.4.5. Per Capita GDP,902Y018,I10Y044,18.1.4.5 1인당 GDP,,
9.1.5. 산업/고용,9.1.5. Industry & Employment,-,-,-,,
9.1.5.1. 국제 주요국 산업생산지수(계절변동조정),9.1.5.1. Industrial Production indices(S.A.),902Y020,I10Y051,18.1.5.1 산업생산지수(계절변동조정),,
9.1.5.2. 국제 주요국 실업률(계절변동조정),9.1.5.2. Unemployment Rates(S.A.),902Y021,I10Y052,18.1.5.2 실업률(계절변동조정),,
9.1.5.3. 국제 주요국 취업자수(계절변동조정),9.1.5.3. Number of Employment(S.A.),902Y022,I10Y053,18.1.5.3 취업자수(계절변동조정),,
9.1.6. 주요시장지표,9.1.6. Financial Market Key Indicators,-,-,-,,
9.1.6.1. 주요국제금리,9.1.6.1. Financial Market Key Indicators,902Y001,I10Y001,18.1.6.1 주요국제금리,,
9.1.6.2. 국제 주요국 주가지수,9.1.6.2. Stock price indices,902Y002,I10Y002,18.1.6.2 주가지수,,
9.1.6.3. 국제상품가격,9.1.6.3. World Commodity Prices,902Y003,I10Y004,18.1.6.3 국제상품가격,,
9.2. 북한 관련 통계,9.2. Economic Indicatiors of North Korea,-,-,-,,
9.2.1. 남북한 주요지표 비교,9.2.1. Major Indicators Comparison between South Korea and North Korea,-,-,-,,
9.2.1.1. 총량,9.2.1.1. Major Indicators Comparison(Total Amount),251Y003,034Y003,18.2.1 남북한 주요지표 비교(총량),,
9.2.1.2. 한국/북한 배율,9.2.1.2. Major Indicators Comparison(Ratio of South to North Korea),251Y002,034Y002,18.2.2 남북한 주요지표 비교(한국/북한 배율),,
9.2.2. 북한GDP 관련 통계,9.2.2. North Korea GDP,251Y001,034Y001,18.3.북한GDP 관련 통계,,